TOOL,P,Z OFFSET,DIAMETER MM,REMARK,DIAMETER IN,LENGTH OFFSET (H),FLUTES,DOC,OFFSET,SHOULDER,SHANK IN,OAL,SHOULDER DIA,NOTES,IN SPINDLE
1,1,102.453072,76.2,3in face,3.0,1,6,3.0,-0.0,36.3156,3.0,,ER32-51,,False
2,2,0.0,0.0,DRILL,0.0,2,,,-0.0,0.0,,,ER32-51,,False
3,3,80.658614,32.0,32mm END,1.2598,3,2,80.0,-0.0,80.6586,,,ER32-51,,False
4,4,0.0,30.0,30mm Ball,1.1811,4,2,80.0,,0.0,,,ER32-51,,False
5,5,76.958071,50.8,2in fly,2.0,5,3,3.0,-25.0,76.9581,0.5,,ER20-34,,False
6,6,112.209315,12.7,1/2 END,0.5,6,2,30.0,-0.0,45.9714,0.5,,ER20-34,,False
7,7,99.307347,25.4,1 ball,1.0,7,2,20.0,-0.0,33.1699,,,ER20-34,,False
8,8,0.0,0.0,vEE,0.0,8,,,,0.0,,,ER20-34,,False
9,9,140.083196,9.525,3/8 endU,0.375,9,2,30.0,-0.0,73.9457,0.375,,ER16-28,,False
10,10,146.62623,9.05,23/64 PrB,0.3563,10,,,-0.0,80.4887,,,ER16-28,,False
11,11,0.0,6.35,1/4 endD,0.25,11,2,30.0,,0.0,0.25,,ER11-20,,False
12,12,129.958767,6.0,1/4 endU,0.2362,12,3,30.0,-0.0,56.2026,0.25,,ER11-20,,True
13,13,114.755739,6.35,1/4 BALLU,0.25,13,2,27.0,-0.0,48.6183,0.25,,ER11-20,,False
14,14,93.939038,3.175,1/8  endU,0.125,14,2,12.0,-0.0,27.7571,0.125,,ER11-20,,False
15,15,0.0,120.0,sAW,4.7244,15,24,2.2,,0.0,,,ER32-51,,False
