sec,B,line
0.051,0.0145,51
0.101,0.0677,61
0.151,0.1577,61
0.202,0.2851,61
0.252,0.4501,61
0.302,0.6305,78
0.353,0.8567,78
0.403,1.1417,78
0.454,1.4212,78
0.504,1.7060,78
0.555,1.9855,78
0.605,2.2703,78
0.655,2.5499,78
0.705,2.8293,78
0.756,3.0593,78
0.806,3.3324,78
0.857,3.6112,78
0.907,3.8844,78
0.959,4.1686,78
1.009,4.4582,78
1.059,4.7314,78
1.109,5.0156,78
1.160,5.2895,78
1.210,5.5691,78
1.260,5.8429,78
1.310,6.1224,78
1.360,6.3965,78
1.410,6.6761,78
1.461,6.9553,78
1.511,7.2342,78
1.561,7.4583,78
1.611,7.7314,78
1.661,8.0103,78
1.712,8.2888,78
1.762,8.5620,78
1.812,8.8407,78
1.862,9.1142,78
1.913,9.3333,78
1.963,9.6677,78
2.013,9.9525,78
2.064,10.2264,78
2.114,10.5061,78
2.164,10.7800,78
2.214,11.0592,78
2.264,11.3380,78
2.314,11.6165,78
2.365,11.8900,78
2.415,12.1686,78
2.466,12.4472,78
2.517,12.7205,78
2.567,13.0047,78
2.617,13.2841,78
2.667,13.5088,78
2.717,13.7827,78
2.767,14.0622,78
2.818,14.3471,78
2.869,14.6433,78
2.919,14.9005,78
2.969,15.1741,78
3.019,15.4526,78
3.069,15.7314,78
3.120,16.0048,78
3.170,16.2838,78
3.220,16.5565,78
3.270,16.8353,78
3.320,17.1088,78
3.371,17.3936,78
3.421,17.6675,78
3.471,17.9471,78
3.521,18.2211,78
3.571,18.5006,78
3.621,18.7745,78
3.672,18.9992,78
3.722,19.2833,78
3.772,19.5620,78
3.823,19.8349,78
3.873,20.1139,78
3.923,20.3927,78
3.974,20.6714,78
4.024,20.9500,78
4.074,21.2239,78
4.124,21.5033,78
4.174,21.7773,78
4.225,22.0566,78
4.275,22.3307,78
4.325,22.6103,78
4.376,22.8896,78
4.426,23.1687,78
4.477,23.4418,78
4.527,23.7151,78
4.577,23.9937,78
4.628,24.2726,78
4.678,24.5511,78
4.729,24.8298,78
4.779,25.1088,78
4.829,25.3444,78
4.881,25.6237,78
4.931,25.9033,78
4.981,26.1773,78
5.031,26.4567,78
5.081,26.7362,78
5.131,27.0154,78
5.182,27.2942,78
5.232,27.5729,78
5.282,27.8462,78
5.332,28.1249,78
5.382,28.4035,78
5.432,28.6767,78
5.483,28.9118,78
5.533,29.1910,78
5.583,29.4706,78
5.633,29.7499,78
5.684,30.0293,78
5.734,30.3033,78
5.784,30.5827,78
5.834,30.8623,78
5.885,31.1413,78
5.935,31.4200,78
5.985,31.6986,78
6.035,31.9774,78
6.085,32.2560,78
6.136,32.5346,78
6.186,32.8079,78
6.236,33.0868,78
6.287,33.3610,78
6.337,33.5800,78
6.387,33.9145,78
6.437,34.1389,78
6.487,34.4185,78
6.537,34.6923,78
6.587,34.9718,78
6.637,35.2505,78
6.688,35.5294,78
6.738,35.8079,78
6.788,36.0865,78
6.838,36.3599,78
6.888,36.6385,78
6.939,36.9171,78
6.989,37.1964,78
7.039,37.4758,78
7.089,37.7555,78
7.139,38.0347,78
7.190,38.2541,78
7.240,38.5334,78
7.290,38.8128,78
7.340,39.0866,78
7.390,39.3655,78
7.440,39.6549,78
7.490,39.9335,78
7.541,40.2069,78
7.591,40.4856,78
7.641,40.7642,78
7.691,41.0485,78
7.742,41.2732,78
7.792,41.5581,78
7.842,41.8320,78
7.893,42.1116,78
7.943,42.3853,78
7.993,42.6650,78
8.043,42.9444,78
8.093,43.2177,78
8.143,43.5020,78
8.194,43.7751,78
8.244,44.0540,78
8.294,44.2724,78
8.345,44.6058,78
8.395,44.8953,78
8.445,45.1691,78
8.495,45.4485,78
8.546,45.7279,78
8.596,45.9526,78
8.646,46.2266,78
8.696,46.5061,78
8.747,46.7855,78
8.797,47.0593,78
8.847,47.3380,78
8.897,47.6167,78
8.947,47.8899,78
8.998,48.1631,78
9.048,48.4420,78
9.098,48.7205,78
9.148,48.9936,78
9.198,49.2731,78
9.248,49.5526,78
9.299,49.8321,78
9.351,50.1114,78
9.401,50.3911,78
9.451,50.6704,78
9.501,50.9443,78
9.551,51.2233,78
9.603,51.5020,78
9.653,51.7859,78
9.703,52.0101,78
9.754,52.2835,78
9.804,52.5621,78
9.854,52.8461,78
9.904,53.1197,78
9.955,53.3992,78
10.005,53.6732,78
10.055,53.8923,78
10.105,54.2264,78
10.155,54.5116,78
10.206,54.7855,78
10.256,55.0647,78
10.306,55.3379,78
10.356,55.6167,78
10.406,55.8953,78
10.457,56.1688,78
10.507,56.4472,78
10.557,56.7259,78
10.608,57.0047,78
10.658,57.2786,78
10.708,57.5526,78
10.758,57.7226,78
10.808,58.0623,78
10.858,58.3473,78
10.909,58.6211,78
10.959,58.9005,78
11.010,59.1741,78
11.060,59.4528,78
11.111,59.7314,78
11.161,60.0046,78
11.211,60.2833,78
11.261,60.5621,78
11.311,60.8407,78
11.361,61.1143,78
11.411,61.3936,78
11.462,61.6731,78
11.512,61.9471,78
11.562,62.2266,78
11.613,62.5060,78
11.663,62.7855,78
11.713,63.0101,78
11.763,63.2836,78
11.814,63.5620,78
11.865,63.8406,78
11.915,64.1303,78
11.966,64.4089,78
12.017,64.6931,78
12.067,64.9718,78
12.117,65.2512,78
12.167,65.5252,78
12.218,65.8046,78
12.268,66.0841,78
12.318,66.3690,78
12.369,66.6431,78
12.419,66.8677,78
12.469,67.1521,78
12.520,67.4308,78
12.570,67.7095,78
12.620,67.9827,78
12.670,68.2614,78
12.721,68.5456,78
12.771,68.8245,78
12.822,69.1033,78
12.873,69.3830,78
12.924,69.6678,78
12.974,69.9416,78
13.024,70.2211,78
13.074,70.5059,78
13.125,70.7416,78
13.175,71.0210,78
13.226,71.2997,78
13.276,71.5840,78
13.326,71.8680,78
13.377,72.1522,78
13.429,72.4362,78
13.479,72.7204,78
13.529,72.9445,78
13.579,73.2237,78
13.630,73.5034,78
13.680,73.7827,78
13.731,74.0622,78
13.781,74.3416,78
13.831,74.6267,78
13.881,74.9059,78
13.933,75.1848,78
13.987,75.4691,78
14.037,75.7424,78
14.088,76.0265,78
14.139,76.3108,78
14.189,76.6057,78
14.239,76.8298,78
14.291,77.1641,78
14.341,77.3881,78
14.391,77.6732,78
14.442,77.9470,78
14.492,78.2265,78
14.542,78.5006,78
14.592,78.7800,78
14.643,79.0594,78
14.693,79.3326,78
14.743,79.6166,78
14.793,79.8353,78
14.845,80.1686,78
14.895,80.4582,78
14.945,80.7368,78
14.996,81.0157,78
15.046,81.2458,78
15.097,81.5253,78
15.147,81.8046,78
15.198,82.1113,78
15.248,82.3526,78
15.298,82.5937,78
15.350,82.9335,78
15.400,83.2122,78
15.451,83.4965,78
15.503,83.7916,78
15.555,84.0702,78
15.605,84.3489,78
15.655,84.6274,78
15.705,84.9008,78
15.756,85.1254,78
15.806,85.4047,78
15.856,85.6841,78
15.906,85.9581,78
15.957,86.2376,78
16.007,86.5225,78
16.057,86.8019,78
16.107,87.0867,78
16.157,87.3598,78
16.209,87.6331,78
16.259,87.9118,78
16.310,88.1903,78
16.360,88.4637,78
16.410,88.7478,78
16.461,89.0212,78
16.511,89.3006,78
16.561,89.5800,78
16.611,89.8593,78
16.661,90.1334,78
16.711,90.4127,78
16.762,90.6375,78
16.812,90.9115,78
16.862,91.1904,78
16.912,91.4636,78
16.962,91.7478,78
17.013,92.0214,78
17.063,92.2997,78
17.113,92.5784,78
17.163,92.8573,78
17.214,93.1309,78
17.264,93.4156,78
17.314,93.6951,78
17.364,93.9800,78
17.415,94.2539,78
17.465,94.5335,78
17.515,94.7581,78
17.565,95.0320,78
17.615,95.3108,78
17.666,95.5896,78
17.716,95.8680,78
17.766,96.1467,78
17.816,96.4255,78
17.867,96.7100,78
17.918,96.9883,78
17.968,97.2622,78
18.018,97.5417,78
18.070,97.8157,78
18.120,98.0951,78
18.170,98.3691,78
18.220,98.6485,78
18.271,98.9225,78
18.321,99.2014,78
18.371,99.4800,78
18.421,99.7642,78
18.471,99.9937,78
18.521,100.2834,78
18.571,100.5619,78
18.622,100.8407,78
18.672,101.1197,78
18.723,101.3992,78
18.773,101.6786,78
18.823,101.9526,78
18.873,102.1827,78
18.923,102.4622,78
18.973,102.7416,78
19.024,103.0156,78
19.074,103.2943,78
19.124,103.5676,78
19.174,103.8464,78
19.224,104.1249,78
19.275,104.3981,78
19.325,104.6768,78
19.375,104.9500,78
19.425,105.2295,78
19.475,105.5088,78
19.525,105.7938,78
19.579,106.0730,78
19.629,106.3471,78
19.680,106.6268,78
19.730,106.9008,78
19.780,107.1796,78
19.830,107.3982,78
19.880,107.7314,78
19.930,108.0103,78
19.981,108.2887,78
20.031,108.5620,78
20.081,108.8406,78
20.131,109.1145,78
20.181,109.3937,78
20.232,109.6733,78
20.282,109.9472,78
20.332,110.1717,78
20.382,110.4512,78
20.432,110.7306,78
20.482,111.0101,78
20.533,111.2834,78
20.583,111.5619,78
20.633,111.8408,78
20.683,112.1194,78
20.733,112.3980,78
20.783,112.6768,78
20.833,112.9554,78
20.884,113.2294,78
20.934,113.5087,78
20.984,113.7827,78
21.034,114.0133,78
21.084,114.2923,78
21.134,114.5718,78
21.185,114.8512,78
21.235,115.1303,78
21.285,115.4089,78
21.335,115.6822,78
21.385,115.9773,78
21.435,116.2504,78
21.486,116.5292,78
21.536,116.8026,78
21.586,117.0869,78
21.636,117.3060,78
21.687,117.6128,78
21.737,117.8923,78
21.787,118.1663,78
21.837,118.4457,78
21.887,118.7252,78
21.938,118.9993,78
21.989,119.2779,78
22.039,119.5566,78
22.089,119.8352,78
22.140,120.1085,78
22.190,120.3871,78
22.240,120.6111,78
22.291,120.8899,78
22.341,121.1692,78
22.391,121.4484,78
22.442,121.7225,78
22.492,122.0073,78
22.543,122.2870,78
22.593,122.5608,78
22.643,122.8403,78
22.694,123.1198,78
22.744,123.3926,78
22.795,123.6713,78
22.845,123.9501,78
22.895,124.2507,78
22.946,124.4745,78
22.996,124.7696,78
23.047,125.0539,78
23.097,125.3335,78
23.147,125.6129,78
23.197,125.8923,78
23.248,126.1720,78
23.298,126.4458,78
23.348,126.7252,78
23.398,126.9992,78
23.448,127.2779,78
23.499,127.4964,78
23.549,127.7752,78
23.599,128.0592,78
23.650,128.3326,78
23.700,128.6111,78
23.750,128.8845,78
23.801,129.1636,78
23.851,129.4485,78
23.901,129.7224,78
23.951,130.0020,78
24.001,130.2813,78
24.052,130.5608,78
24.102,130.8403,78
24.152,131.1194,78
24.202,131.3982,78
24.253,131.6277,78
24.303,131.9118,78
24.353,132.1849,78
24.403,132.4638,78
24.453,132.7370,78
24.503,133.0156,78
24.553,133.2952,78
24.604,133.5746,78
24.654,133.8539,78
24.704,134.1334,78
24.755,134.4129,78
24.806,134.6923,78
24.861,134.9716,78
24.911,135.2451,78
24.961,135.5237,78
25.012,135.8023,78
25.062,136.0757,78
25.113,136.3599,78
25.163,136.6443,78
25.213,136.9227,78
25.264,137.2020,78
25.314,137.4759,78
25.364,137.7553,78
25.414,138.0293,78
25.464,138.3087,78
25.514,138.5279,78
25.565,138.8075,78
25.615,139.0811,78
25.665,139.3598,78
25.715,139.6495,78
25.765,139.9227,78
25.816,140.2015,78
25.866,140.4967,78
25.917,140.7751,78
25.967,141.0540,78
26.018,141.2844,78
26.069,141.5638,78
26.119,141.8540,78
26.169,142.1279,78
26.219,142.4127,78
26.270,142.6979,78
26.320,142.9773,78
26.370,143.2507,78
26.420,143.5294,78
26.470,143.8024,78
26.521,144.0755,78
26.571,144.3599,78
26.621,144.6385,78
26.672,144.8626,78
26.722,145.1361,78
26.772,145.4156,78
26.822,145.6896,78
26.874,145.9690,78
26.924,146.2431,78
26.974,146.5225,78
27.024,146.8019,78
27.075,147.0757,78
27.126,147.3544,78
27.176,147.6281,78
27.226,147.9117,78
27.277,148.1903,78
27.327,148.4693,78
27.377,148.7423,78
27.428,149.0266,78
27.478,149.3005,78
27.528,149.5746,78
27.578,149.8539,78
27.629,150.1280,78
27.679,150.4074,78
27.729,150.6814,78
27.780,150.9608,78
27.830,151.2396,78
27.881,151.5127,78
27.931,151.7916,78
27.981,152.0647,78
28.031,152.3434,78
28.082,152.6167,78
28.132,152.8953,78
28.182,153.1690,78
28.232,153.4485,78
28.282,153.7225,78
28.333,154.0019,78
28.383,154.2266,78
28.433,154.5005,78
28.483,154.7799,78
28.533,155.0592,78
28.584,155.3379,78
28.634,155.6167,78
28.684,155.8898,78
28.734,156.1631,78
28.785,156.4473,78
28.835,156.7205,78
28.886,156.9992,78
28.936,157.2733,78
28.986,157.5525,78
29.036,157.8321,78
29.087,158.1060,78
29.137,158.3909,78
29.187,158.6649,78
29.237,158.9444,78
29.287,159.2233,78
29.338,159.5019,78
29.388,159.7751,78
29.438,159.9989,78
29.488,160.2724,78
29.538,160.5511,78
29.589,160.8244,78
29.639,161.1033,78
29.689,161.3829,78
29.739,161.6567,78
29.790,161.9361,78
29.840,162.2101,78
29.890,162.4950,78
29.940,162.7744,78
29.990,163.0592,78
30.040,163.3325,78
30.091,163.6112,78
30.141,163.8845,78
30.191,164.1631,78
30.241,164.4473,78
30.292,164.7205,78
30.342,164.9392,78
30.392,165.2183,78
30.442,165.4978,78
30.492,165.7772,78
30.542,166.0513,78
30.593,166.3306,78
30.643,166.6101,78
30.693,166.8841,78
30.744,167.1631,78
30.794,167.4418,78
30.844,167.7150,78
30.895,167.9937,78
30.945,168.2724,78
30.995,168.5675,78
31.045,168.7916,78
31.095,169.0649,78
31.146,169.3444,78
31.196,169.6239,78
31.246,169.9033,78
31.297,170.1773,78
31.347,170.4567,78
31.397,170.7362,78
31.448,171.0102,78
31.498,171.2886,78
31.548,171.5619,78
31.598,171.8353,78
31.649,172.1139,78
31.699,172.3926,78
31.749,172.6877,78
31.799,172.9663,78
31.849,173.2458,78
31.902,173.5253,78
31.952,173.8101,78
32.002,174.0295,78
32.053,174.3088,78
32.103,174.5827,78
32.154,174.8621,78
32.204,175.1412,78
32.254,175.4199,78
32.304,175.6933,78
32.355,175.9719,78
32.405,176.2450,78
32.455,176.5239,78
32.505,176.8080,78
32.556,177.0868,78
32.606,177.3611,78
32.656,177.6458,78
32.706,177.9197,78
32.756,178.1992,78
32.806,178.4731,78
32.857,178.7527,78
32.907,179.0264,78
32.957,179.2825,78
33.007,179.4958,78
33.058,179.6933,78
33.108,179.8871,78
33.158,180.0459,78
33.208,180.2435,78
33.258,180.4410,78
33.309,180.6343,78
33.359,180.8312,78
33.409,181.0282,78
33.459,181.2251,78
33.510,181.4182,78
33.561,181.6155,78
33.611,181.8093,78
33.662,182.0188,78
33.712,182.2163,78
33.762,182.4139,78
33.812,182.6111,78
33.862,182.8042,78
33.912,182.9624,78
33.962,183.1596,78
34.013,183.3524,78
34.063,183.5496,78
34.113,183.7473,78
34.163,183.9411,78
34.214,184.1000,78
34.264,184.3364,78
34.314,184.5301,78
34.364,184.7270,78
34.415,184.9239,78
34.465,185.1168,78
34.515,185.3139,78
34.565,185.5109,78
34.616,185.7164,78
34.666,185.8791,78
34.716,186.0730,78
34.766,186.2706,78
34.817,186.4682,78
34.867,186.6770,78
34.918,186.8699,78
34.968,187.0668,78
35.018,187.2598,78
35.069,187.4568,78
35.119,187.6505,78
35.169,187.8482,78
35.219,188.0419,78
35.269,188.2008,78
35.320,188.4372,78
35.370,188.6305,78
35.420,188.8274,78
35.470,189.0205,78
35.521,189.2174,78
35.571,189.4142,78
35.621,189.5728,78
35.671,189.7705,78
35.721,189.9682,78
35.771,190.1658,78
35.822,190.3597,78
35.872,190.5572,78
35.922,190.7540,78
35.972,190.9510,78
36.022,191.1479,78
36.072,191.3563,78
36.123,191.5109,78
36.173,191.7086,78
36.223,191.9103,78
36.273,192.1233,78
36.324,192.3015,78
36.374,192.4953,78
36.424,192.6923,78
36.476,192.8894,78
36.526,193.0861,78
36.576,193.2830,78
36.626,193.4799,78
36.677,193.6775,78
36.727,193.8867,78
36.777,194.0536,78
36.827,194.2512,78
36.878,194.4450,78
36.928,194.6422,78
36.978,194.8390,78
37.029,195.0359,78
37.079,195.2329,78
37.129,195.4259,78
37.180,195.6272,78
37.230,195.8209,78
37.280,196.0264,78
37.330,196.2201,78
37.380,196.3790,78
37.431,196.5763,78
37.481,196.7772,78
37.531,196.9818,78
37.583,197.1749,78
37.635,197.3832,78
37.686,197.5768,78
37.736,197.7745,78
37.786,197.9722,78
37.836,198.1699,78
37.887,198.3675,78
37.937,198.5688,78
37.988,198.7309,78
38.038,198.9316,78
38.088,199.1285,78
38.139,199.3255,78
38.189,199.5302,78
38.239,199.7279,78
38.289,199.9255,78
38.340,200.1232,78
38.390,200.2860,78
38.440,200.4837,78
38.491,200.6808,78
38.541,200.8853,78
38.592,201.0862,78
38.642,201.2791,78
38.693,201.4723,78
38.743,201.6737,78
38.793,201.8675,78
38.844,202.0729,78
38.894,202.2706,78
38.945,202.4372,78
38.996,202.6343,78
39.046,202.8312,78
39.096,203.0321,78
39.146,203.2290,78
39.196,203.4259,78
39.247,203.6232,78
39.298,203.8208,78
39.348,204.0186,78
39.398,204.2163,78
39.448,204.4139,78
39.499,204.6074,78
39.549,204.8043,78
39.600,205.0013,78
39.651,205.1597,78
39.701,205.3564,78
39.751,205.5573,78
39.802,205.7550,78
39.852,205.9527,78
39.902,206.1505,78
39.953,206.3520,78
40.003,206.5070,78
40.053,206.7426,78
40.103,206.9433,78
40.154,207.1133,78
40.204,207.3100,78
40.254,207.5031,78
40.304,207.7008,78
40.354,207.8984,78
40.404,208.0922,78
40.455,208.2901,78
40.505,208.4876,78
40.555,208.6845,78
40.606,208.8777,78
40.656,209.0745,78
40.706,209.2715,78
40.757,209.4645,78
40.807,209.6581,78
40.857,209.8556,78
40.907,210.0497,78
40.959,210.2513,78
41.009,210.4488,78
41.060,210.6459,78
41.110,210.8390,78
41.160,211.0359,78
41.210,211.1943,78
41.261,211.3911,78
41.311,211.5884,78
41.361,211.7821,78
41.411,211.9800,78
41.461,212.1775,78
41.512,212.3753,78
41.562,212.5726,78
41.612,212.7656,78
41.662,212.9665,78
41.713,213.1633,78
41.763,213.3603,78
41.813,213.5573,78
41.864,213.7240,78
41.914,213.9332,78
41.964,214.1312,78
42.014,214.3287,78
42.064,214.5263,78
42.115,214.7193,78
42.165,214.9162,78
42.215,215.1209,78
42.265,215.2792,78
42.316,215.4723,78
42.366,215.6698,78
42.417,215.8635,78
42.467,216.0613,78
42.517,216.2589,78
42.567,216.4566,78
42.618,216.6498,78
42.668,216.8505,78
42.718,217.0436,78
42.768,217.2405,78
42.818,217.4336,78
42.869,217.6313,78
42.919,217.8248,78
42.969,218.0341,78
43.020,218.2318,78
43.071,218.4256,78
43.121,218.5880,78
43.171,218.7849,78
43.221,218.9818,78
43.271,219.1749,78
43.321,219.3718,78
43.372,219.5690,78
43.422,219.7666,78
43.473,219.9605,78
43.523,220.1543,78
43.573,220.3519,78
43.624,220.5456,78
43.675,220.7425,78
43.725,220.9394,78
43.779,221.1362,78
43.829,221.3332,78
43.879,221.5262,78
43.929,221.7240,78
43.979,221.9179,78
44.029,222.1155,78
44.080,222.3133,78
44.130,222.5069,78
44.180,222.7039,78
44.231,222.8969,78
44.281,223.0938,78
44.331,223.2908,78
44.381,223.4837,78
44.431,223.6814,78
44.481,223.8791,78
44.531,224.0458,78
44.582,224.2396,78
44.632,224.4372,78
44.682,224.6344,78
44.733,224.8312,78
44.783,225.0281,78
44.833,225.2213,78
44.884,225.4181,78
44.934,225.6118,78
44.984,225.8132,78
45.034,226.0069,78
45.085,226.2124,78
45.135,226.4101,78
45.185,226.5648,78
45.235,226.7657,78
45.285,226.9201,78
45.336,227.1556,78
45.386,227.3564,78
45.436,227.5535,78
45.487,227.7473,78
45.537,227.9450,78
45.587,228.1387,78
45.637,228.3364,78
45.687,228.5378,78
45.738,228.7308,78
45.789,228.8853,78
45.839,229.1208,78
45.889,229.3177,78
45.940,229.5147,78
45.990,229.7124,78
46.040,229.9101,78
46.091,230.1077,78
46.141,230.3016,78
46.191,230.4992,78
46.241,230.6923,78
46.291,230.8893,78
46.341,231.0513,78
46.392,231.2444,78
46.442,231.4374,78
46.492,231.6349,78
46.543,231.8365,78
46.593,232.0302,78
46.643,232.2318,78
46.693,232.4255,78
46.744,232.6228,78
46.794,232.8234,78
46.844,233.0204,78
46.895,233.2175,78
46.945,233.4145,78
46.995,233.6116,78
47.045,233.7705,78
47.096,233.9645,78
47.146,234.1620,78
47.196,234.3558,78
47.247,234.5533,78
47.297,234.7463,78
47.347,234.9434,78
47.397,235.1363,78
47.448,235.3332,78
47.498,235.5265,78
47.548,235.7279,78
47.599,235.9216,78
47.649,236.1194,78
47.700,236.3209,78
47.750,236.5185,78
47.800,236.7154,78
47.850,236.9085,78
47.900,237.1054,78
47.952,237.2984,78
48.002,237.4992,78
48.053,237.6970,78
48.103,237.8597,78
48.153,238.0573,78
48.204,238.2550,78
48.254,238.4488,78
48.304,238.6459,78
48.354,238.8390,78
48.404,239.0359,78
48.454,239.2289,78
48.504,239.4259,78
48.555,239.6233,78
48.607,239.8209,78
48.657,240.0226,78
48.707,240.2240,78
48.757,240.4178,78
48.808,240.6150,78
48.858,240.8119,78
48.908,241.0050,78
48.958,241.2058,78
49.009,241.3603,78
49.059,241.5573,78
49.109,241.7511,78
49.160,241.9488,78
49.210,242.1426,78
49.260,242.3403,78
49.310,242.5378,78
49.360,242.7348,78
49.410,242.9278,78
49.461,243.1247,78
49.511,243.3216,78
49.561,243.5147,78
49.611,243.7124,78
49.662,243.9062,78
49.712,244.1038,78
49.762,244.3016,78
49.812,244.4992,78
49.862,244.6923,78
49.913,244.8891,78
49.963,245.0436,78
50.013,245.2482,78
50.064,245.4531,78
50.114,245.6465,78
50.164,245.8520,78
50.214,246.0457,78
50.264,246.2434,78
50.314,246.4410,78
50.364,246.6383,78
50.415,246.8390,78
50.465,247.0321,78
50.515,247.1865,78
50.565,247.3834,78
50.615,247.5767,78
50.665,247.7783,78
50.715,247.9760,78
50.766,248.1698,78
50.816,248.3676,78
50.866,248.5650,78
50.916,248.7618,78
50.966,248.9587,78
51.017,249.1556,78
51.067,249.3526,78
51.117,249.5496,78
51.168,249.7439,78
51.218,249.9411,78
51.268,250.0962,78
51.318,250.2976,78
51.369,250.4992,78
51.419,250.6923,78
51.469,250.8892,78
51.520,251.0977,78
51.570,251.2946,78
51.620,251.4877,78
51.671,251.6852,78
51.721,251.8791,78
51.771,252.0806,78
51.821,252.2744,78
51.871,252.4721,78
51.922,252.6692,78
51.972,252.8235,78
52.022,253.0243,78
52.073,253.2212,78
52.123,253.4143,78
52.173,253.6155,78
52.223,253.8093,78
52.273,254.0070,78
52.323,254.2008,78
52.374,254.3987,78
52.424,254.5957,78
52.475,254.7926,78
52.525,254.9858,78
52.575,255.1865,78
52.627,255.3834,78
52.677,255.5806,78
52.728,255.7821,78
52.778,255.9762,78
52.828,256.1737,78
52.878,256.3713,78
52.928,256.5263,78
52.979,256.7231,78
53.029,256.9162,78
53.079,257.1131,78
53.129,257.3101,78
53.179,257.5072,78
53.229,257.7008,78
53.280,257.8984,78
53.330,258.0922,78
53.380,258.2900,78
53.430,258.4875,78
53.480,258.6807,78
53.531,258.8775,78
53.581,259.0745,78
53.631,259.2677,78
53.681,259.4644,78
53.732,259.6581,78
53.782,259.8558,78
53.832,260.0534,78
53.882,260.2513,78
53.932,260.4139,78
53.983,260.6112,78
54.033,260.8120,78
54.084,261.0089,78
54.134,261.2057,78
54.184,261.4027,78
54.234,261.6000,78
54.285,261.8015,78
54.335,261.9992,78
54.385,262.1969,78
54.435,262.3907,78
54.486,262.5880,78
54.536,262.7425,78
54.586,262.9394,78
54.636,263.0939,78
54.687,263.3293,78
54.737,263.5264,78
54.787,263.7201,78
54.837,263.9178,78
54.887,264.1116,78
54.938,264.3171,78
54.988,264.5147,78
55.038,264.7116,78
55.089,264.9046,78
55.139,265.1016,78
55.189,265.2984,78
55.239,265.4915,78
55.289,265.6891,78
55.340,265.8869,78
55.390,266.0806,78
55.440,266.2783,78
55.490,266.4721,78
55.541,266.6306,78
55.591,266.8235,78
55.641,267.0206,78
55.691,267.2173,78
55.741,267.4142,78
55.792,267.6116,78
55.842,267.8092,78
55.893,268.0071,78
55.943,268.2008,78
55.993,268.3983,78
56.044,268.5958,78
56.094,268.7926,78
56.144,268.9857,78
56.195,269.1826,78
56.245,269.3796,78
56.296,269.5729,78
56.346,269.7705,78
56.397,269.9643,78
56.447,270.1620,78
56.497,270.3559,78
56.547,270.5611,78
56.597,270.7579,78
56.648,270.9124,78
56.698,271.1093,78
56.749,271.3062,78
56.799,271.4992,78
56.849,271.6969,78
56.901,271.8984,78
56.954,272.1349,78
57.005,272.3325,78
57.055,272.5302,78
57.106,272.6846,78
57.156,272.8854,78
57.206,273.0783,78
57.256,273.2753,78
57.306,273.4683,78
57.356,273.6621,78
57.407,273.8597,78
57.457,274.0535,78
57.508,274.2511,78
57.559,274.4489,78
57.609,274.6459,78
57.659,274.8466,78
57.709,275.0436,78
57.759,275.2445,78
57.812,275.4376,78
57.863,275.6349,78
57.913,275.8325,78
57.963,276.0303,78
58.014,276.2279,78
58.064,276.4256,78
58.114,276.6189,78
58.164,276.8158,78
58.215,277.0089,78
58.265,277.2059,78
58.315,277.3602,78
58.366,277.5612,78
58.416,277.7589,78
58.466,277.9526,78
58.516,278.1504,78
58.567,278.3480,78
58.618,278.5418,78
58.668,278.7386,78
58.718,278.9355,78
58.768,279.1286,78
58.819,279.3293,78
58.869,279.5264,78
58.919,279.7202,78
58.969,279.9178,78
59.020,280.1116,78
59.070,280.3056,78
59.120,280.5031,78
59.170,280.7000,78
59.221,280.8969,78
59.271,281.0938,78
59.321,281.2869,78
59.371,281.4837,78
59.421,281.6777,78
59.471,281.8713,78
59.522,282.0341,78
59.572,282.2279,78
59.622,282.4217,78
59.672,282.6227,78
59.722,282.8158,78
59.773,283.0166,78
59.824,283.2096,78
59.874,283.4066,78
59.924,283.6039,78
59.974,283.8054,78
60.025,283.9837,78
60.075,284.1812,78
60.125,284.3791,78
60.176,284.5765,78
60.226,284.7734,78
60.277,284.9857,78
60.327,285.1827,78
60.378,285.3795,78
60.428,285.5341,78
60.479,285.7356,78
60.530,285.9295,78
60.580,286.1310,78
60.630,286.3286,78
60.681,286.5263,78
60.731,286.7270,78
60.782,286.9200,78
60.832,287.1170,78
60.882,287.3140,78
60.933,287.5109,78
60.983,287.7083,78
61.034,287.9023,78
61.084,288.1040,78
61.134,288.3015,78
61.185,288.4954,78
61.235,288.6884,78
61.285,288.8544,78
61.336,289.0514,78
61.386,289.2483,78
61.439,289.4838,78
61.489,289.6426,78
61.542,289.8481,78
61.592,290.0573,78
61.643,290.2549,78
61.693,290.4566,78
61.744,290.6574,78
61.794,290.8544,78
61.844,291.0167,78
61.895,291.2135,78
61.945,291.4105,78
61.996,291.6118,78
62.046,291.8093,78
62.097,292.0108,78
62.147,292.2085,78
62.198,292.4062,78
62.249,292.6037,78
62.299,292.8002,78
62.349,293.0012,78
62.402,293.1942,78
62.453,293.3912,78
62.504,293.6000,78
62.554,293.7976,78
62.605,293.9566,78
62.656,294.1930,78
62.706,294.3520,78
62.756,294.5494,78
62.806,294.7502,78
62.858,294.9470,78
62.909,295.1401,78
62.960,295.3411,78
63.010,295.5497,78
63.061,295.7550,78
63.111,295.9141,78
63.162,296.1154,78
63.213,296.3209,78
63.263,296.5184,78
63.313,296.7193,78
63.363,296.9162,78
63.416,297.1093,78
63.466,297.3062,78
63.516,297.4993,78
63.567,297.6969,78
63.617,297.8946,78
63.668,298.1038,78
63.718,298.3015,78
63.768,298.4604,78
63.818,298.6652,78
63.869,298.8583,78
63.920,299.0552,78
63.970,299.2521,78
64.020,299.4490,78
64.071,299.6428,78
64.122,299.8403,78
64.172,300.0380,78
64.222,300.2318,78
64.272,300.4333,78
64.322,300.6266,78
64.373,300.8235,78
64.423,301.0205,78
64.473,301.1749,78
64.523,301.3834,78
64.574,301.5806,78
64.624,301.7743,78
64.674,301.9682,78
64.725,302.1660,78
64.775,302.3636,78
64.825,302.5610,78
64.875,302.7656,78
64.925,302.9626,78
64.976,303.1556,78
65.026,303.3525,78
65.076,303.5457,78
65.127,303.7434,78
65.177,303.9372,78
65.227,304.1349,78
65.277,304.3325,78
65.327,304.4915,78
65.377,304.6884,78
65.427,304.8815,78
65.478,305.0784,78
65.529,305.2366,78
65.579,305.4682,78
65.629,305.6659,78
65.680,305.8635,78
65.730,306.0612,78
65.780,306.2628,78
65.830,306.4607,78
65.881,306.6575,78
65.931,306.8544,78
65.981,307.0474,78
66.031,307.2444,78
66.081,307.4413,78
66.132,307.6348,78
66.182,307.8287,78
66.232,308.0264,78
66.282,308.2201,78
66.333,308.4178,78
66.383,308.5841,78
66.433,308.7811,78
66.483,308.9780,78
66.533,309.1749,78
66.583,309.3680,78
66.634,309.5612,78
66.685,309.7589,78
66.735,309.9565,78
66.785,310.1543,78
66.835,310.3481,78
66.885,310.5417,78
66.935,310.7388,78
66.986,310.9355,78
67.036,311.1285,78
67.086,311.3255,78
67.136,311.5186,78
67.187,311.7163,78
67.237,311.9139,78
67.287,312.1077,78
67.337,312.2667,78
67.387,312.4643,78
67.437,312.6575,78
67.488,312.8544,78
67.538,313.0514,78
67.588,313.2483,78
67.638,313.4453,78
67.689,313.6426,78
67.739,313.8403,78
67.789,314.0380,78
67.839,314.2434,78
67.889,314.3984,78
67.939,314.5957,78
67.990,314.7926,78
68.040,314.9896,78
68.090,315.1865,78
68.141,315.3794,78
68.191,315.5767,78
68.241,315.7744,78
68.292,315.9759,78
68.343,316.1736,78
68.393,316.3675,78
68.443,316.5649,78
68.493,316.7579,78
68.543,316.9588,78
68.593,317.1517,78
68.644,317.3487,78
68.694,317.5418,78
68.744,317.7398,78
68.794,317.9333,78
68.844,318.1271,78
68.894,318.3287,78
68.945,318.4837,78
68.995,318.6807,78
69.045,318.8775,78
69.095,319.0745,78
69.145,319.2676,78
69.196,319.4606,78
69.246,319.6581,78
69.296,319.8558,78
69.349,320.0534,78
69.399,320.2473,78
69.449,320.4448,78
69.499,320.6382,78
69.550,320.8351,78
69.600,321.0320,78
69.650,321.2251,78
69.701,321.4258,78
69.751,321.6232,78
69.801,321.8248,78
69.851,322.0225,78
69.902,322.2163,78
69.952,322.4101,78
70.003,322.6112,78
70.053,322.8043,78
70.103,323.0011,78
70.154,323.1979,78
70.204,323.3911,78
70.254,323.5845,78
70.304,323.7434,78
70.354,323.9450,78
70.404,324.1426,78
70.454,324.3366,78
70.505,324.5301,78
70.555,324.7272,78
70.605,324.9240,78
70.655,325.1054,78
70.706,325.3023,78
70.757,325.4992,78
70.807,325.6930,78
70.857,325.8945,78
70.907,326.0884,78
70.958,326.2861,78
71.009,326.4800,78
71.059,326.6768,78
71.109,326.8737,78
71.159,327.0668,78
71.209,327.2674,78
71.260,327.4645,78
71.310,327.6581,78
71.361,327.8558,78
71.411,328.0535,78
71.461,328.2512,78
71.512,328.4490,78
71.562,328.6034,78
71.612,328.8390,78
71.662,329.0360,78
71.713,329.1981,78
71.763,329.3989,78
71.813,329.5923,78
71.863,329.7901,78
71.913,329.9876,78
71.964,330.1814,78
72.014,330.3405,78
72.064,330.5726,78
72.115,330.7656,78
72.165,330.9664,78
72.215,331.1633,78
72.265,331.3602,78
72.315,331.5573,78
72.366,331.7553,78
72.416,331.9140,78
72.466,332.1077,78
72.517,332.3054,78
72.567,332.5031,78
72.617,332.7000,78
72.667,332.8969,78
72.718,333.0938,78
72.768,333.2868,78
72.818,333.4838,78
72.868,333.6813,78
72.918,333.8752,78
72.969,334.0729,78
73.019,334.2705,78
73.069,334.4644,78
73.119,334.6652,78
73.169,334.8583,78
73.220,335.0552,78
73.270,335.2483,78
73.320,335.4452,78
73.371,335.6038,78
73.421,335.7977,78
73.471,335.9992,78
73.522,336.1969,78
73.572,336.3909,78
73.623,336.5880,78
73.673,336.7811,78
73.724,336.9780,78
73.774,337.1748,78
73.829,337.4065,78
73.879,337.6038,78
73.929,337.8016,78
73.979,337.9955,78
74.030,338.1581,78
74.080,338.3597,78
74.131,338.5571,78
74.184,338.7888,78
74.234,338.9471,78
74.284,339.1478,78
74.334,339.3450,78
74.385,339.5380,78
74.435,339.7357,78
74.485,339.9332,78
74.535,340.1310,78
74.585,340.3287,78
74.635,340.5263,78
74.688,340.7193,78
74.738,340.9201,78
74.788,341.1208,78
74.838,341.3139,78
74.888,341.5108,78
74.938,341.6658,78
74.988,341.8636,78
75.039,342.0615,78
75.089,342.2589,78
75.140,342.4604,78
75.190,342.6537,78
75.240,342.8506,78
75.290,343.0436,78
75.340,343.2366,78
75.390,343.4336,78
75.440,343.6271,78
75.491,343.8209,78
75.541,344.0186,78
75.591,344.2124,78
75.642,344.4101,78
75.692,344.6033,78
75.743,344.8004,78
75.793,344.9935,78
75.843,345.1904,78
75.894,345.3448,78
75.944,345.5806,78
75.994,345.7862,78
76.046,345.9800,78
76.096,346.1775,78
76.147,346.3753,78
76.198,346.5688,78
76.248,346.7656,78
76.298,346.9624,78
76.348,347.1595,78
76.398,347.3564,78
76.449,347.5499,78
76.499,347.7473,78
76.550,347.9062,78
76.600,348.1000,78
76.650,348.2976,78
76.700,348.4954,78
76.751,348.6923,78
76.801,348.8892,78
76.851,349.0861,78
76.901,349.2830,78
76.951,349.4761,78
77.001,349.6737,78
77.051,349.8713,78
77.102,350.0651,78
77.152,350.2628,78
77.202,350.4604,78
77.253,350.6575,78
77.303,350.8506,78
77.353,351.0474,78
77.404,351.2058,78
77.454,351.4027,78
77.505,351.6000,78
77.555,351.7977,78
77.605,351.9953,78
77.656,352.1891,78
77.706,352.3868,78
77.756,352.5803,78
77.807,352.7772,78
77.857,352.9702,78
77.907,353.1750,78
77.957,353.3679,78
78.007,353.5650,78
78.058,353.7627,78
78.108,353.9605,78
78.158,354.1583,78
78.209,354.3560,78
78.259,354.5533,78
78.309,354.7463,78
78.359,354.9046,78
78.410,355.1015,78
78.460,355.2946,78
78.510,355.4915,78
78.560,355.6853,78
78.610,355.8868,78
78.661,356.0845,78
78.711,356.2861,78
78.761,356.4798,78
78.811,356.6808,78
78.861,356.8738,78
78.911,357.0707,78
78.962,357.2404,78
79.012,357.4336,78
79.062,357.6310,78
79.112,357.8287,78
79.162,358.0263,78
79.213,358.2240,78
79.263,358.4179,78
79.313,358.6151,78
79.363,358.8120,78
79.413,359.0089,78
79.464,359.2019,78
79.514,359.3988,78
79.564,359.5922,78
79.614,359.7899,78
79.664,359.9876,78
79.716,360.1465,78
79.766,360.3481,78
79.817,360.5467,78
79.867,360.7728,78
79.917,361.0435,78
79.967,361.3548,78
80.018,361.6921,78
80.068,362.0829,78
80.118,362.4970,78
80.169,362.9483,78
80.219,363.4572,78
80.269,363.9856,78
80.319,364.5630,78
80.370,365.1775,78
80.420,365.6924,78
80.470,366.3174,78
80.520,366.9302,78
80.570,367.5552,78
80.621,368.1674,78
80.671,368.7928,78
80.721,369.4182,78
80.772,370.0432,78
80.822,370.6555,78
80.873,371.2811,78
80.923,371.8934,78
80.973,372.5184,78
81.024,373.1438,78
81.074,373.7807,78
81.124,374.3935,78
81.175,374.9447,78
81.225,375.5692,78
81.275,376.1810,78
81.326,376.8054,78
81.376,377.3072,78
81.426,378.0541,78
81.477,378.7026,78
81.527,379.3269,78
81.577,379.9381,78
81.627,380.5508,78
81.677,381.1995,78
81.727,381.8118,78
81.778,382.4357,78
81.828,383.0598,78
81.878,383.5741,78
81.929,384.1983,78
81.979,384.8103,78
82.029,385.4352,78
82.079,386.0846,78
82.130,386.6973,78
82.180,387.3223,78
82.230,387.9481,78
82.283,388.5724,78
82.333,389.1850,78
82.384,389.7979,78
82.434,390.4228,78
82.484,391.0600,78
82.534,391.6728,78
82.584,392.2978,78
82.634,392.9227,78
82.685,393.5480,78
82.735,394.1606,78
82.785,394.6629,78
82.836,395.2754,78
82.886,395.8995,78
82.936,396.5119,78
82.986,397.1360,78
83.036,397.8094,78
83.087,398.4211,78
83.137,399.0453,78
83.188,399.6573,78
83.238,400.2815,78
83.288,400.9061,78
83.338,401.5298,78
83.388,402.1543,78
83.439,402.7782,78
83.490,403.2803,78
83.540,403.9046,78
83.592,404.6631,78
83.643,405.2763,78
83.693,405.7904,78
83.743,406.4268,78
83.793,407.0404,78
83.844,407.6654,78
83.894,408.3026,78
83.945,408.9155,78
83.995,409.5405,78
84.046,410.1534,78
84.097,410.7783,78
84.147,411.4029,78
84.197,412.0283,78
84.247,412.6410,78
84.298,413.2658,78
84.350,413.8784,78
84.401,414.5040,78
84.453,415.1409,78
84.503,415.7775,78
84.553,416.4014,78
84.603,417.0136,78
84.654,417.6626,78
84.704,418.2743,78
84.754,418.8984,78
84.804,419.3880,78
84.855,420.0122,78
84.905,420.6365,78
84.957,421.2731,78
85.007,421.9342,78
85.057,422.5458,78
85.108,423.1828,78
85.158,423.7944,78
85.208,424.4187,78
85.259,425.0426,78
85.309,425.6679,78
85.359,426.2807,78
85.409,426.8933,78
85.459,427.4083,78
85.509,428.0333,78
85.560,428.6460,78
85.610,429.2831,78
85.660,429.9081,78
85.711,430.5701,78
85.763,431.1950,78
85.814,431.8441,78
85.865,432.4819,78
85.916,432.9842,78
85.970,433.7560,78
86.020,434.3693,78
86.070,434.8961,78
86.122,435.5201,78
86.172,436.1444,78
86.222,436.7687,78
86.272,437.4174,78
86.323,438.0415,78
86.373,438.6779,78
86.423,439.3027,78
86.475,439.9516,78
86.525,440.5630,78
86.577,441.1017,78
86.628,441.7258,78
86.678,442.3501,78
86.728,442.9743,78
86.778,443.5987,78
86.829,444.2227,78
86.879,444.8467,78
86.929,445.4720,78
86.980,446.1092,78
87.030,446.7220,78
87.080,447.3591,78
87.130,447.9841,78
87.180,448.4865,78
87.231,449.1238,78
87.281,449.7974,78
87.331,450.4105,78
87.381,451.0355,78
87.431,451.6603,78
87.482,452.2859,78
87.532,452.9105,78
87.582,453.4129,78
87.632,454.0747,78
87.682,454.7128,78
87.732,455.3243,78
87.783,455.9606,78
87.833,456.5972,78
87.883,457.2094,78
87.934,457.7117,78
87.984,458.3475,78
88.034,458.9718,78
88.084,459.5841,78
88.135,460.2080,78
88.185,460.8446,78
88.235,461.4572,78
88.285,462.0807,78
88.336,462.7046,78
88.387,463.3293,78
88.438,463.9533,78
88.488,464.5655,78
88.538,465.1898,78
88.588,465.8272,78
88.638,466.4396,78
88.689,467.0649,78
88.739,467.6899,78
88.789,468.3028,78
88.839,468.9277,78
88.890,469.4295,78
88.940,470.0674,78
88.990,470.6923,78
89.041,471.3058,78
89.091,471.9423,78
89.142,472.5551,78
89.192,473.1803,78
89.242,473.8052,78
89.292,474.4304,78
89.342,475.0554,78
89.393,475.6917,78
89.443,476.3160,78
89.494,476.9279,78
89.545,477.4296,78
89.595,478.0660,78
89.645,478.6903,78
89.695,479.3147,78
89.746,479.9266,78
89.796,480.5506,78
89.846,481.1750,78
89.896,481.7871,78
89.946,482.4112,78
89.997,483.0357,78
90.047,483.6476,78
90.097,484.2716,78
90.148,484.8838,78
90.198,485.5208,78
90.250,486.1468,78
90.300,486.7709,78
90.350,487.3958,78
90.400,488.0086,78
90.450,488.6337,78
90.501,489.2586,78
90.551,489.7611,78
90.601,490.3861,78
90.651,491.0107,78
90.702,491.6237,78
90.752,492.2489,78
90.802,492.8737,78
90.852,493.4865,78
90.902,494.1119,78
90.953,494.7243,78
91.003,495.3488,78
91.053,495.9608,78
91.104,496.5850,78
91.154,497.2093,78
91.204,497.8218,78
91.254,498.4456,78
91.304,499.0700,78
91.354,499.6817,78
91.405,500.3062,78
91.455,500.9426,78
91.505,501.5544,78
91.555,502.1787,78
91.605,502.6813,78
91.655,503.2926,78
91.705,503.9167,78
91.756,504.5291,78
91.806,505.1653,78
91.856,505.7903,78
91.906,506.4032,78
91.956,507.0281,78
92.006,507.6409,78
92.056,508.2659,78
92.107,508.8786,78
92.157,509.5034,78
92.207,510.1287,78
92.258,510.7660,78
92.308,511.3910,78
92.358,512.0037,78
92.408,512.6285,78
92.459,513.2415,78
92.509,513.8662,78
92.559,514.3569,78
92.609,514.9818,78
92.661,515.6180,78
92.711,516.2176,78
92.761,516.8544,78
92.811,517.4665,78
92.861,518.0906,78
92.911,518.7148,78
92.962,519.3270,78
93.012,519.9510,78
93.062,520.5751,78
93.113,521.2117,78
93.163,521.8484,78
93.213,522.4725,78
93.263,523.0966,78
93.313,523.7088,78
93.364,524.3330,78
93.414,524.9450,78
93.466,525.5699,78
93.517,526.2073,78
93.567,526.8198,78
93.617,527.3223,78
93.667,527.9349,78
93.718,528.5599,78
93.768,529.1851,78
93.818,529.8102,78
93.868,530.4228,78
93.919,531.0482,78
93.969,531.6729,78
94.019,532.2972,78
94.069,532.9236,78
94.119,533.5356,78
94.170,534.1607,78
94.220,534.7855,78
94.270,535.3976,78
94.321,535.8874,78
94.371,536.6340,78
94.421,537.2706,78
94.472,537.8949,78
94.522,538.5191,78
94.572,539.0212,78
94.622,539.6327,78
94.672,540.2570,78
94.725,541.0035,78
94.775,541.6280,78
94.825,542.1177,78
94.876,542.7418,78
94.926,543.3658,78
94.976,544.0024,78
95.026,544.6269,78
95.076,545.2541,78
95.126,545.9141,78
95.177,546.5991,78
95.227,547.3358,78
95.277,548.1131,78
95.327,548.9110,78
95.378,549.7637,78
95.428,550.6564,78
95.478,551.5876,78
95.529,552.5389,78
95.579,553.5475,78
95.629,554.3864,78
95.679,555.4663,78
95.729,556.5834,78
95.780,557.7404,78
95.830,558.9369,78
95.880,560.1474,78
95.930,561.4214,78
95.980,562.7070,78
96.031,564.0845,78
96.081,565.4479,78
96.131,566.8758,78
96.182,568.3722,78
96.232,569.8801,78
96.282,571.4230,78
96.332,572.6972,78
96.382,574.3148,78
96.433,575.9706,78
96.485,577.7655,78
96.535,579.5024,78
96.585,581.2426,78
96.635,583.0560,78
96.685,584.8719,78
96.736,586.7615,78
96.786,588.6544,78
96.836,590.6218,78
96.887,592.5898,78
96.937,594.6342,78
96.987,596.7588,78
97.037,598.8835,78
97.087,600.6199,78
97.137,602.8145,78
97.188,605.0027,78
97.238,607.2731,78
97.288,609.5229,78
97.338,611.8200,78
97.389,614.1596,78
97.439,616.4553,78
97.489,618.7054,78
97.540,621.1362,78
97.590,623.3854,78
97.640,625.6799,78
97.690,627.9739,78
97.742,630.2252,78
97.792,632.5656,78
97.842,634.8144,78
97.892,636.6598,78
97.942,638.9098,78
97.992,641.1601,78
98.042,643.4550,78
98.093,645.7501,78
98.143,647.9999,78
98.193,650.2945,78
98.243,652.5898,78
98.294,654.9530,78
98.344,657.1852,78
98.394,659.4663,78
98.444,661.6191,78
98.495,663.3635,78
98.545,665.4058,78
98.595,667.4900,78
98.645,669.4962,78
98.696,671.4611,78
98.746,673.3873,78
98.796,675.2764,78
98.847,677.0875,78
98.897,678.8984,78
98.947,680.6347,78
98.997,682.0984,78
99.047,683.8656,78
99.098,685.5251,78
99.149,687.1142,78
99.199,688.6966,78
99.250,690.2392,78
99.300,691.7738,78
99.351,693.2093,78
99.401,694.6356,78
99.451,696.0235,78
99.501,697.3451,78
99.552,698.6811,78
99.602,699.9267,78
99.652,701.1820,78
99.703,702.3518,78
99.753,703.5059,78
99.803,704.4050,78
99.853,705.4878,78
99.903,706.5132,78
99.953,707.5384,78
100.003,708.5061,78
100.054,709.4149,78
100.104,710.3047,78
100.154,711.1383,78
100.205,711.9661,78
100.255,712.7235,78
100.305,713.4573,78
100.356,714.1524,78
100.406,714.8083,78
100.456,715.4253,78
100.506,715.9923,78
100.556,716.5421,78
100.607,717.0326,78
100.657,717.4943,78
100.707,717.9091,78
100.757,718.2358,78
100.809,718.5873,78
100.859,718.8998,78
100.909,719.1733,78
100.959,719.4036,78
101.009,719.6067,78
101.063,719.7623,78
101.114,719.8809,78
101.164,719.9567,78
101.214,719.9957,78
101.265,720.0000,78