t,fe0,fe3,x,y,z,b,vel,spindle_on,spindle_rpm
0.001,-0.005000,-0.005600,-3729.3650,-1261.6280,-159.2477,48304.352,0.6350,1,5675
0.201,-0.005000,-0.005600,-3729.3650,-1261.5040,-159.2489,48314.141,0.6350,1,5675
0.403,0.000000,-0.000600,-3729.3700,-1261.3840,-159.2489,48323.644,0.6350,1,5675
0.604,0.005000,-0.000600,-3729.3750,-1261.2560,-159.2489,48333.391,0.6350,1,5675
0.804,0.005000,-0.000600,-3729.3750,-1261.1280,-159.2502,48343.182,0.6350,1,5675
1.005,0.005000,-0.005600,-3729.3750,-1261.0000,-159.2502,48352.541,0.6350,1,5675
1.206,0.005000,-0.000600,-3729.3750,-1260.8720,-159.2528,48362.380,0.6350,1,5675
1.407,0.010000,-0.000600,-3729.3800,-1260.7400,-159.2528,48372.078,0.6350,1,5675
1.607,0.005000,-0.000600,-3729.3750,-1260.6160,-159.2540,48381.342,0.6350,1,5675
1.808,0.005000,-0.000600,-3729.3750,-1260.4840,-159.2553,48391.182,0.6350,1,5675
2.009,0.005000,-0.000600,-3729.3750,-1260.3560,-159.2566,48400.925,0.6350,1,5675
2.209,0.005000,-0.000600,-3729.3750,-1260.2320,-159.2566,48410.334,0.6350,1,5675
2.410,0.005000,-0.000600,-3729.3750,-1260.1000,-159.2566,48420.317,0.6350,1,5675
2.610,0.000000,-0.000600,-3729.3700,-1259.9760,-159.2566,48429.676,0.6350,1,5675
2.811,0.000000,-0.000600,-3729.3700,-1259.8480,-159.2566,48439.469,0.6350,1,5675
3.011,0.000000,-0.000600,-3729.3700,-1259.7280,-159.2566,48448.781,0.6350,1,5675
3.213,0.000000,-0.000600,-3729.3700,-1259.6040,-159.2578,48458.572,0.6350,1,5675
3.414,0.000000,-0.005600,-3729.3700,-1259.4680,-159.2578,48468.558,0.6350,1,5675
3.615,0.000000,-0.000600,-3729.3700,-1259.3440,-159.2578,48477.869,0.6350,1,5675
3.816,0.000000,-0.005600,-3729.3700,-1259.2160,-159.2578,48487.614,0.6350,1,5675
4.016,-0.005000,-0.005600,-3729.3650,-1259.0880,-159.2566,48497.406,0.6350,1,5675
4.217,-0.005000,-0.005600,-3729.3650,-1258.9600,-159.2566,48506.910,0.6350,1,5675
4.419,-0.005000,-0.000600,-3729.3650,-1258.8320,-159.2566,48516.749,0.6350,1,5675
4.619,-0.005000,-0.000600,-3729.3650,-1258.7160,-159.2578,48525.392,0.6350,1,5675
4.820,-0.005000,-0.000600,-3729.3650,-1258.5800,-159.2578,48535.710,0.6350,1,5675
5.020,-0.005000,-0.005600,-3729.3650,-1258.4520,-159.2578,48545.406,0.6350,1,5675
5.221,-0.005000,-0.000600,-3729.3650,-1258.3240,-159.2578,48555.247,0.6350,1,5675
5.421,-0.005000,-0.000600,-3729.3650,-1258.2040,-159.2566,48564.125,0.6350,1,5675
5.622,-0.005000,-0.000600,-3729.3650,-1258.0720,-159.2566,48574.110,0.6350,1,5675
5.823,-0.005000,-0.000600,-3729.3650,-1257.9440,-159.2566,48583.901,0.6350,1,5675
6.027,-0.005000,-0.000600,-3729.3650,-1257.8160,-159.2578,48593.452,0.6350,1,5675
6.228,-0.005000,-0.000600,-3729.3650,-1257.6880,-159.2578,48603.199,0.6350,1,5675
6.430,-0.005000,-0.000600,-3729.3650,-1257.5560,-159.2566,48613.086,0.6350,1,5675
6.630,-0.005000,-0.000600,-3729.3650,-1257.4280,-159.2566,48622.540,0.6350,1,5675
6.831,0.000000,0.004400,-3729.3700,-1257.3040,-159.2566,48632.142,0.6350,1,5675
7.033,0.000000,0.004400,-3729.3700,-1257.1760,-159.2566,48641.937,0.6350,1,5675
7.234,0.000000,-0.000600,-3729.3700,-1257.0320,-159.2553,48651.869,0.6350,1,5675
7.435,-0.005000,-0.005600,-3729.3650,-1256.9080,-159.2515,48661.180,0.6350,1,5675
7.637,-0.005000,-0.000600,-3729.3650,-1256.7800,-159.2502,48671.115,0.6350,1,5675
7.838,-0.005000,-0.000600,-3729.3650,-1256.6560,-159.2502,48680.573,0.6350,1,5675
8.039,0.000000,0.004400,-3729.3700,-1256.5280,-159.2515,48690.510,0.6350,1,5675
8.240,0.000000,0.009400,-3729.3700,-1256.4000,-159.2502,48699.964,0.6350,1,5675
8.440,0.000000,0.004400,-3729.3700,-1256.2720,-159.2515,48709.420,0.6350,1,5675
8.644,0.005000,0.004400,-3729.3750,-1256.1400,-159.2515,48719.551,0.6350,1,5675
8.845,0.005000,0.004400,-3729.3750,-1256.0160,-159.2528,48728.957,0.6350,1,5675
9.048,0.005000,0.004400,-3729.3750,-1255.8920,-159.2528,48738.365,0.6350,1,5675
9.249,0.005000,0.004400,-3729.3750,-1255.7600,-159.2528,48748.446,0.6350,1,5675
9.453,0.005000,-0.000600,-3729.3750,-1255.6320,-159.2528,48758.239,0.6350,1,5675
9.654,0.005000,-0.000600,-3729.3750,-1255.5120,-159.2540,48767.644,0.6350,1,5675
9.856,0.005000,-0.000600,-3729.3750,-1255.3840,-159.2540,48777.342,0.6350,1,5675
10.057,0.005000,-0.000600,-3729.3750,-1255.2480,-159.2553,48787.421,0.6350,1,5675
10.259,0.000000,-0.000600,-3729.3700,-1255.1280,-159.2540,48796.734,0.6350,1,5675
10.460,0.000000,-0.000600,-3729.3700,-1254.9920,-159.2540,48806.765,0.6350,1,5675
10.661,0.000000,-0.000600,-3729.3700,-1254.8720,-159.2540,48815.985,0.6350,1,5675
10.862,0.000000,0.004400,-3729.3700,-1254.7440,-159.2553,48825.821,0.6350,1,5675
11.062,0.000000,0.004400,-3729.3700,-1254.6160,-159.2553,48835.231,0.6350,1,5675
11.263,-0.005000,0.004400,-3729.3650,-1254.4840,-159.2553,48845.021,0.6350,1,5675
11.464,-0.005000,-0.000600,-3729.3650,-1254.3560,-159.2553,48854.812,0.6350,1,5675
11.665,-0.005000,-0.000600,-3729.3650,-1254.2320,-159.2553,48864.173,0.6350,1,5675
11.865,-0.005000,-0.005600,-3729.3650,-1254.0960,-159.2540,48874.204,0.6350,1,5675
12.066,0.000000,-0.000600,-3729.3700,-1253.9720,-159.2540,48883.469,0.6350,1,5675
12.267,0.000000,0.004400,-3729.3700,-1253.8480,-159.2528,48893.166,0.6350,1,5675
12.468,0.000000,0.004400,-3729.3700,-1253.7160,-159.2528,48903.100,0.6350,1,5675
12.669,0.000000,0.004400,-3729.3700,-1253.5880,-159.2528,48912.412,0.6350,1,5675
12.870,0.005000,-0.000600,-3729.3750,-1253.4600,-159.2515,48922.301,0.6350,1,5675
13.071,0.005000,-0.000600,-3729.3750,-1253.3280,-159.2515,48932.046,0.6350,1,5675
13.272,0.005000,-0.000600,-3729.3750,-1253.2000,-159.2515,48941.598,0.6350,1,5675
13.472,0.005000,-0.000600,-3729.3750,-1253.0760,-159.2528,48951.008,0.6350,1,5675
13.673,0.005000,0.004400,-3729.3750,-1252.9520,-159.2553,48960.798,0.6350,1,5675
13.874,0.005000,0.004400,-3729.3750,-1252.8200,-159.2553,48970.590,0.6350,1,5675
14.075,0.000000,-0.000600,-3729.3700,-1252.6960,-159.2553,48979.902,0.6350,1,5675
14.278,0.000000,-0.000600,-3729.3700,-1252.5640,-159.2553,48989.838,0.6350,1,5675
14.481,0.000000,-0.000600,-3729.3700,-1252.4400,-159.2566,48999.341,0.6350,1,5675
14.683,-0.010000,-0.005600,-3729.3600,-1252.3080,-159.2540,49009.134,0.6350,1,5675
14.884,-0.005000,-0.005600,-3729.3650,-1252.1760,-159.2489,49018.830,0.6350,1,5675
15.084,-0.005000,-0.000600,-3729.3650,-1252.0600,-159.2489,49028.285,0.6350,1,5675
15.285,0.000000,0.004400,-3729.3700,-1251.9360,-159.2515,49038.029,0.6350,1,5675
15.485,0.005000,0.004400,-3729.3750,-1251.8040,-159.2515,49047.966,0.6350,1,5675
15.686,0.005000,0.004400,-3729.3750,-1251.6760,-159.2528,49057.181,0.6350,1,5675
15.886,0.005000,0.004400,-3729.3750,-1251.5480,-159.2540,49066.877,0.6350,1,5675
16.087,0.005000,0.004400,-3729.3750,-1251.4160,-159.2553,49076.670,0.6350,1,5675
16.287,0.005000,0.004400,-3729.3750,-1251.2920,-159.2553,49086.078,0.6350,1,5675
16.488,0.005000,-0.000600,-3729.3750,-1251.1600,-159.2540,49095.869,0.6350,1,5675
16.689,0.005000,-0.000600,-3729.3750,-1251.0320,-159.2540,49105.566,0.6350,1,5675
16.889,0.005000,-0.000600,-3729.3750,-1250.9080,-159.2528,49115.214,0.6350,1,5675
17.090,0.010000,0.004400,-3729.3800,-1250.7800,-159.2540,49124.908,0.6350,1,5675
17.291,0.005000,0.004400,-3729.3750,-1250.6600,-159.2540,49134.365,0.6350,1,5675
17.491,0.005000,0.004400,-3729.3750,-1250.5280,-159.2566,49144.110,0.6350,1,5675
17.692,0.005000,-0.000600,-3729.3750,-1250.4040,-159.2553,49153.470,0.6350,1,5675
17.893,0.005000,-0.000600,-3729.3750,-1250.2720,-159.2553,49163.214,0.6350,1,5675
18.094,0.010000,-0.000600,-3729.3800,-1250.1440,-159.2553,49172.958,0.6350,1,5675
18.296,0.005000,-0.000600,-3729.3750,-1250.0160,-159.2553,49182.845,0.6350,1,5675
18.497,0.005000,-0.000600,-3729.3750,-1249.8920,-159.2553,49192.061,0.6350,1,5675
18.698,0.005000,-0.000600,-3729.3750,-1249.7640,-159.2566,49201.758,0.6350,1,5675
18.899,0.000000,-0.000600,-3729.3700,-1249.6320,-159.2553,49211.646,0.6350,1,5675
19.099,0.000000,-0.000600,-3729.3700,-1249.5080,-159.2553,49221.437,0.6350,1,5675
19.300,0.000000,-0.000600,-3729.3700,-1249.3840,-159.2553,49230.798,0.6350,1,5675
19.501,0.000000,-0.000600,-3729.3700,-1249.2560,-159.2566,49240.541,0.6350,1,5675
19.702,0.000000,-0.000600,-3729.3700,-1249.1280,-159.2553,49250.285,0.6350,1,5675
19.903,0.000000,-0.000600,-3729.3700,-1249.0040,-159.2566,49259.550,0.6350,1,5675
20.103,0.000000,-0.000600,-3729.3700,-1248.8720,-159.2566,49269.485,0.6350,1,5675
20.304,-0.005000,-0.005600,-3729.3650,-1248.7440,-159.2553,49279.230,0.6350,1,5675
20.504,-0.005000,-0.000600,-3729.3650,-1248.6200,-159.2553,49288.543,0.6350,1,5675
20.705,-0.005000,-0.000600,-3729.3650,-1248.4920,-159.2553,49298.334,0.6350,1,5675
20.905,-0.005000,0.004400,-3729.3650,-1248.3640,-159.2540,49308.030,0.6350,1,5675
21.106,-0.005000,0.004400,-3729.3650,-1248.2360,-159.2553,49317.725,0.6350,1,5675
21.306,-0.005000,0.004400,-3729.3650,-1248.1120,-159.2553,49327.036,0.6350,1,5675
21.507,-0.005000,0.004400,-3729.3650,-1247.9800,-159.2553,49336.781,0.6350,1,5675
21.707,0.000000,-0.000600,-3729.3700,-1247.8480,-159.2553,49346.573,0.6350,1,5675
21.908,0.000000,-0.000600,-3729.3700,-1247.7240,-159.2553,49356.270,0.6350,1,5675
22.108,0.000000,-0.000600,-3729.3700,-1247.5960,-159.2540,49365.581,0.6350,1,5675
22.309,-0.005000,-0.005600,-3729.3650,-1247.4600,-159.2502,49375.325,0.6350,1,5675
22.509,-0.005000,-0.005600,-3729.3650,-1247.3400,-159.2477,49384.685,0.6350,1,5675
22.710,0.000000,-0.000600,-3729.3700,-1247.2200,-159.2502,49394.382,0.6350,1,5675
22.910,0.000000,0.004400,-3729.3700,-1247.0920,-159.2502,49404.126,0.6350,1,5675
23.111,0.000000,0.004400,-3729.3700,-1246.9600,-159.2502,49413.870,0.6350,1,5675
23.311,0.000000,0.004400,-3729.3700,-1246.8360,-159.2515,49423.181,0.6350,1,5675
23.513,0.005000,0.004400,-3729.3750,-1246.7000,-159.2515,49433.021,0.6350,1,5675
23.714,0.000000,0.004400,-3729.3700,-1246.5720,-159.2515,49442.765,0.6350,1,5675
23.914,0.005000,0.004400,-3729.3750,-1246.4440,-159.2515,49452.510,0.6350,1,5675
24.114,0.005000,-0.000600,-3729.3750,-1246.3280,-159.2515,49461.294,0.6350,1,5675
24.315,0.005000,-0.000600,-3729.3750,-1246.1920,-159.2515,49471.517,0.6350,1,5675
24.516,0.005000,-0.000600,-3729.3750,-1246.0640,-159.2502,49481.405,0.6350,1,5675
24.717,0.005000,0.004400,-3729.3750,-1245.9440,-159.2502,49490.621,0.6350,1,5675
24.917,0.005000,0.004400,-3729.3750,-1245.8080,-159.2502,49500.509,0.6350,1,5675
25.118,0.000000,0.004400,-3729.3700,-1245.6760,-159.2489,49510.254,0.6350,1,5675
25.318,0.005000,0.004400,-3729.3750,-1245.5560,-159.2502,49519.517,0.6350,1,5675
25.519,0.005000,0.004400,-3729.3750,-1245.4280,-159.2515,49529.213,0.6350,1,5675
25.720,0.005000,0.004400,-3729.3750,-1245.3000,-159.2515,49538.959,0.6350,1,5675
25.920,0.005000,-0.000600,-3729.3750,-1245.1720,-159.2515,49548.654,0.6350,1,5675
26.121,0.005000,0.004400,-3729.3750,-1245.0480,-159.2528,49557.966,0.6350,1,5675
26.321,0.005000,0.004400,-3729.3750,-1244.9200,-159.2528,49567.661,0.6350,1,5675
26.522,0.005000,-0.000600,-3729.3750,-1244.7880,-159.2528,49577.596,0.6350,1,5675
26.723,0.005000,-0.000600,-3729.3750,-1244.6640,-159.2528,49587.054,0.6350,1,5675
26.923,0.005000,-0.005600,-3729.3750,-1244.5360,-159.2515,49596.750,0.6350,1,5675
27.123,0.010000,-0.000600,-3729.3800,-1244.4120,-159.2515,49606.590,0.6350,1,5675
27.324,0.005000,0.004400,-3729.3750,-1244.2920,-159.2515,49615.902,0.6350,1,5675
27.524,0.005000,0.004400,-3729.3750,-1244.1600,-159.2528,49625.645,0.6350,1,5675
27.724,0.005000,0.004400,-3729.3750,-1244.0320,-159.2528,49635.053,0.6350,1,5675
27.925,0.005000,-0.000600,-3729.3750,-1243.9000,-159.2528,49644.847,0.6350,1,5675
28.126,0.005000,-0.000600,-3729.3750,-1243.7720,-159.2528,49654.589,0.6350,1,5675
28.326,0.005000,-0.000600,-3729.3750,-1243.6440,-159.2528,49664.334,0.6350,1,5675
28.526,0.005000,-0.000600,-3729.3750,-1243.5200,-159.2528,49673.645,0.6350,1,5675
28.728,0.005000,0.004400,-3729.3750,-1243.3920,-159.2528,49683.587,0.6350,1,5675
28.930,0.005000,0.004400,-3729.3750,-1243.2680,-159.2540,49693.325,0.6350,1,5675
29.131,0.000000,0.004400,-3729.3700,-1243.1400,-159.2540,49702.590,0.6350,1,5675
29.331,-0.005000,0.004400,-3729.3650,-1243.0120,-159.2540,49712.333,0.6350,1,5675
29.532,-0.005000,0.004400,-3729.3650,-1242.8880,-159.2540,49722.030,0.6350,1,5675
29.732,-0.005000,-0.000600,-3729.3650,-1242.7520,-159.2528,49731.773,0.6350,1,5675
29.933,-0.005000,-0.000600,-3729.3650,-1242.6280,-159.2515,49741.086,0.6350,1,5675
30.133,0.000000,-0.000600,-3729.3700,-1242.5080,-159.2540,49750.733,0.6350,1,5675
30.334,0.000000,-0.000600,-3729.3700,-1242.3760,-159.2540,49760.669,0.6350,1,5675
30.535,0.005000,-0.000600,-3729.3750,-1242.2440,-159.2540,49770.269,0.6350,1,5675
30.736,0.005000,0.004400,-3729.3750,-1242.1160,-159.2540,49779.775,0.6350,1,5675
30.937,0.005000,0.004400,-3729.3750,-1241.9920,-159.2540,49789.326,0.6350,1,5675
31.137,0.005000,0.004400,-3729.3750,-1241.8680,-159.2553,49798.974,0.6350,1,5675
31.339,0.005000,0.004400,-3729.3750,-1241.7360,-159.2553,49808.816,0.6350,1,5675
31.540,0.005000,-0.000600,-3729.3750,-1241.6080,-159.2553,49818.268,0.6350,1,5675
31.741,0.005000,-0.000600,-3729.3750,-1241.4760,-159.2553,49828.158,0.6350,1,5675
31.944,0.005000,-0.000600,-3729.3750,-1241.3520,-159.2553,49837.901,0.6350,1,5675
32.145,0.010000,-0.000600,-3729.3800,-1241.2280,-159.2553,49847.357,0.6350,1,5675
32.349,0.005000,-0.000600,-3729.3750,-1241.1040,-159.2553,49856.861,0.6350,1,5675
32.549,0.005000,-0.000600,-3729.3750,-1240.9720,-159.2566,49866.798,0.6350,1,5675
32.749,0.005000,-0.000600,-3729.3750,-1240.8400,-159.2566,49876.590,0.6350,1,5675
32.950,0.000000,-0.000600,-3729.3700,-1240.7160,-159.2566,49885.853,0.6350,1,5675
33.151,0.000000,-0.000600,-3729.3700,-1240.5880,-159.2553,49895.692,0.6350,1,5675
33.351,0.000000,0.004400,-3729.3700,-1240.4600,-159.2566,49905.485,0.6350,1,5675
33.551,-0.005000,0.004400,-3729.3650,-1240.3360,-159.2566,49914.749,0.6350,1,5675
33.752,-0.005000,0.004400,-3729.3650,-1240.2040,-159.2578,49924.494,0.6350,1,5675
33.952,-0.005000,-0.000600,-3729.3650,-1240.0720,-159.2578,49934.334,0.6350,1,5675
34.153,-0.005000,-0.000600,-3729.3650,-1239.9480,-159.2566,49943.694,0.6350,1,5675
34.353,0.000000,-0.000600,-3729.3700,-1239.8200,-159.2566,49953.630,0.6350,1,5675
34.554,0.005000,-0.000600,-3729.3750,-1239.7000,-159.2578,49962.893,0.6350,1,5675
34.754,0.005000,-0.000600,-3729.3750,-1239.5720,-159.2578,49972.639,0.6350,1,5675
34.955,0.005000,-0.000600,-3729.3750,-1239.4400,-159.2578,49982.525,0.6350,1,5675
35.155,0.005000,-0.000600,-3729.3750,-1239.3200,-159.2578,49991.741,0.6350,1,5675
35.356,0.005000,-0.000600,-3729.3750,-1239.1880,-159.2578,50001.485,0.6350,1,5675
35.557,0.000000,-0.000600,-3729.3700,-1239.0600,-159.2578,50011.230,0.6350,1,5675
35.757,0.000000,-0.000600,-3729.3700,-1238.9280,-159.2578,50020.973,0.6350,1,5675
35.957,0.000000,-0.000600,-3729.3700,-1238.8080,-159.2578,50030.238,0.6350,1,5675
36.158,-0.005000,-0.000600,-3729.3650,-1238.6800,-159.2578,50039.982,0.6350,1,5675
36.358,0.000000,0.004400,-3729.3700,-1238.5520,-159.2591,50049.820,0.6350,1,5675
36.559,-0.005000,0.004400,-3729.3650,-1238.4240,-159.2578,50059.133,0.6350,1,5675
36.759,-0.005000,-0.000600,-3729.3650,-1238.3000,-159.2553,50068.829,0.6350,1,5675
36.959,-0.005000,-0.000600,-3729.3650,-1238.1680,-159.2540,50078.525,0.6350,1,5675
37.160,-0.010000,-0.005600,-3729.3600,-1238.0280,-159.2477,50088.364,0.6350,1,5675
37.361,-0.010000,-0.005600,-3729.3600,-1237.9040,-159.2464,50097.581,0.6350,1,5675
37.561,-0.005000,-0.000600,-3729.3650,-1237.7800,-159.2489,50107.326,0.6350,1,5675
37.762,-0.005000,-0.000600,-3729.3650,-1237.6520,-159.2489,50116.829,0.6350,1,5675
37.962,0.000000,0.004400,-3729.3700,-1237.5240,-159.2502,50126.573,0.6350,1,5675
38.163,0.000000,0.004400,-3729.3700,-1237.3960,-159.2502,50136.269,0.6350,1,5675
38.363,-0.005000,0.004400,-3729.3650,-1237.2680,-159.2502,50146.108,0.6350,1,5675
38.564,0.000000,0.004400,-3729.3700,-1237.1440,-159.2515,50155.326,0.6350,1,5675
38.765,0.000000,0.004400,-3729.3700,-1237.0160,-159.2528,50165.070,0.6350,1,5675
38.965,0.000000,0.004400,-3729.3700,-1236.8920,-159.2540,50174.862,0.6350,1,5675
39.165,0.005000,0.004400,-3729.3750,-1236.7680,-159.2540,50184.221,0.6350,1,5675
39.366,0.005000,-0.000600,-3729.3750,-1236.6400,-159.2553,50193.966,0.6350,1,5675
39.566,0.005000,-0.000600,-3729.3750,-1236.5080,-159.2553,50203.708,0.6350,1,5675
39.767,0.005000,-0.005600,-3729.3750,-1236.3760,-159.2540,50213.504,0.6350,1,5675
39.968,0.005000,-0.000600,-3729.3750,-1236.2560,-159.2540,50222.765,0.6350,1,5675
40.169,0.005000,0.004400,-3729.3750,-1236.1280,-159.2540,50232.558,0.6350,1,5675
40.369,0.005000,0.004400,-3729.3750,-1236.0000,-159.2553,50242.395,0.6350,1,5675
40.570,0.005000,0.004400,-3729.3750,-1235.8760,-159.2553,50251.662,0.6350,1,5675
40.771,0.005000,0.004400,-3729.3750,-1235.7440,-159.2553,50261.405,0.6350,1,5675
40.971,0.005000,-0.000600,-3729.3750,-1235.6160,-159.2553,50271.108,0.6350,1,5675
41.172,0.005000,-0.000600,-3729.3750,-1235.4880,-159.2553,50280.845,0.6350,1,5675
41.372,0.005000,-0.000600,-3729.3750,-1235.3680,-159.2566,50290.206,0.6350,1,5675
41.572,0.005000,-0.000600,-3729.3750,-1235.2440,-159.2566,50299.901,0.6350,1,5675
41.774,0.005000,-0.000600,-3729.3750,-1235.1160,-159.2566,50309.645,0.6350,1,5675
41.974,0.005000,-0.000600,-3729.3750,-1234.9840,-159.2578,50319.390,0.6350,1,5675
42.175,0.005000,-0.000600,-3729.3750,-1234.8600,-159.2578,50328.654,0.6350,1,5675
42.375,0.005000,0.004400,-3729.3750,-1234.7280,-159.2578,50338.495,0.6350,1,5675
42.576,0.005000,0.004400,-3729.3750,-1234.6000,-159.2578,50347.999,0.6350,1,5675
42.777,0.005000,0.004400,-3729.3750,-1234.4680,-159.2578,50357.790,0.6350,1,5675
42.978,0.005000,-0.000600,-3729.3750,-1234.3360,-159.2566,50367.581,0.6350,1,5675
43.179,0.005000,-0.000600,-3729.3750,-1234.2160,-159.2553,50376.846,0.6350,1,5675
43.379,0.005000,-0.000600,-3729.3750,-1234.0880,-159.2553,50386.542,0.6350,1,5675
43.579,0.005000,-0.000600,-3729.3750,-1233.9560,-159.2553,50396.285,0.6350,1,5675
43.780,0.005000,0.004400,-3729.3750,-1233.8360,-159.2553,50405.742,0.6350,1,5675
43.981,0.005000,0.004400,-3729.3750,-1233.7040,-159.2553,50415.533,0.6350,1,5675
44.182,0.005000,0.004400,-3729.3750,-1233.5720,-159.2540,50425.325,0.6350,1,5675
44.382,0.005000,0.004400,-3729.3750,-1233.4480,-159.2540,50434.738,0.6350,1,5675
44.584,0.005000,0.004400,-3729.3750,-1233.3200,-159.2540,50444.383,0.6350,1,5675
44.785,-0.005000,-0.005600,-3729.3650,-1233.1920,-159.2502,50454.126,0.6350,1,5675
44.986,-0.005000,-0.005600,-3729.3650,-1233.0640,-159.2489,50463.965,0.6350,1,5675
45.187,0.000000,0.004400,-3729.3700,-1232.9400,-159.2502,50473.181,0.6350,1,5675
45.387,0.000000,0.004400,-3729.3700,-1232.8120,-159.2502,50482.971,0.6350,1,5675
45.588,0.000000,0.004400,-3729.3700,-1232.6840,-159.2489,50492.814,0.6350,1,5675
45.788,0.000000,0.004400,-3729.3700,-1232.5600,-159.2502,50502.078,0.6350,1,5675
45.989,0.000000,0.004400,-3729.3700,-1232.4280,-159.2502,50511.918,0.6350,1,5675
46.189,0.000000,0.004400,-3729.3700,-1232.3000,-159.2515,50521.709,0.6350,1,5675
46.390,0.005000,0.004400,-3729.3750,-1232.1840,-159.2528,50530.975,0.6350,1,5675
46.590,0.005000,0.004400,-3729.3750,-1232.0560,-159.2528,50540.863,0.6350,1,5675
46.791,0.005000,0.004400,-3729.3750,-1231.9240,-159.2528,50550.606,0.6350,1,5675
46.991,0.005000,-0.000600,-3729.3750,-1231.8040,-159.2528,50559.821,0.6350,1,5675
47.192,0.005000,-0.000600,-3729.3750,-1231.6680,-159.2515,50569.614,0.6350,1,5675
47.392,0.005000,-0.000600,-3729.3750,-1231.5440,-159.2528,50579.406,0.6350,1,5675
47.593,0.005000,0.004400,-3729.3750,-1231.4200,-159.2528,50588.718,0.6350,1,5675
47.793,0.005000,0.004400,-3729.3750,-1231.2880,-159.2528,50598.509,0.6350,1,5675
47.994,0.005000,0.004400,-3729.3750,-1231.1520,-159.2528,50608.254,0.6350,1,5675
48.194,0.005000,0.004400,-3729.3750,-1231.0280,-159.2528,50617.756,0.6350,1,5675
48.395,0.005000,0.004400,-3729.3750,-1230.9040,-159.2540,50627.452,0.6350,1,5675
48.595,0.005000,0.004400,-3729.3750,-1230.7760,-159.2540,50637.248,0.6350,1,5675
48.796,0.005000,-0.000600,-3729.3750,-1230.6480,-159.2540,50646.654,0.6350,1,5675
48.996,0.005000,-0.000600,-3729.3750,-1230.5160,-159.2540,50656.398,0.6350,1,5675
49.197,0.005000,-0.000600,-3729.3750,-1230.3880,-159.2540,50666.142,0.6350,1,5675
49.397,0.005000,-0.000600,-3729.3750,-1230.2640,-159.2540,50675.502,0.6350,1,5675
49.598,0.005000,-0.000600,-3729.3750,-1230.1360,-159.2528,50685.198,0.6350,1,5675
49.799,0.005000,0.004400,-3729.3750,-1230.0040,-159.2528,50694.989,0.6350,1,5675
49.999,0.005000,0.004400,-3729.3750,-1229.8840,-159.2540,50704.253,0.6350,1,5675
50.199,0.005000,0.004400,-3729.3750,-1229.7560,-159.2540,50713.999,0.6350,1,5675
50.400,0.005000,-0.000600,-3729.3750,-1229.6280,-159.2528,50723.836,0.6350,1,5675
50.601,0.005000,-0.000600,-3729.3750,-1229.5080,-159.2528,50733.103,0.6350,1,5675
50.801,0.005000,-0.000600,-3729.3750,-1229.3800,-159.2515,50742.798,0.6350,1,5675
51.002,0.005000,-0.000600,-3729.3750,-1229.2560,-159.2515,50752.493,0.6350,1,5675
51.202,0.005000,0.004400,-3729.3750,-1229.1280,-159.2515,50762.189,0.6350,1,5675
51.402,0.005000,0.004400,-3729.3750,-1228.9960,-159.2515,50771.981,0.6350,1,5675
51.603,0.005000,0.004400,-3729.3750,-1228.8720,-159.2528,50781.198,0.6350,1,5675
51.803,0.005000,-0.000600,-3729.3750,-1228.7440,-159.2515,50791.085,0.6350,1,5675
52.004,0.005000,-0.000600,-3729.3750,-1228.6120,-159.2502,50800.829,0.6350,1,5675
52.204,-0.005000,-0.005600,-3729.3650,-1228.4880,-159.2477,50810.093,0.6350,1,5675
52.405,-0.010000,-0.005600,-3729.3600,-1228.3520,-159.2477,50819.935,0.6350,1,5675
52.605,-0.005000,-0.000600,-3729.3650,-1228.2280,-159.2489,50829.678,0.6350,1,5675
52.806,0.000000,-0.000600,-3729.3700,-1228.1040,-159.2489,50839.326,0.6350,1,5675
53.006,-0.005000,-0.000600,-3729.3650,-1227.9840,-159.2489,50848.589,0.6350,1,5675
53.207,-0.005000,-0.000600,-3729.3650,-1227.8520,-159.2477,50858.381,0.6350,1,5675
53.407,-0.005000,-0.000600,-3729.3650,-1227.7240,-159.2489,50868.221,0.6350,1,5675
53.608,-0.005000,-0.000600,-3729.3650,-1227.6000,-159.2489,50877.581,0.6350,1,5675
53.809,-0.005000,-0.000600,-3729.3650,-1227.4680,-159.2489,50887.517,0.6350,1,5675
54.010,0.000000,0.004400,-3729.3700,-1227.3400,-159.2489,50896.926,0.6350,1,5675
54.211,-0.005000,0.004400,-3729.3650,-1227.2120,-159.2477,50906.334,0.6350,1,5675
54.412,-0.005000,0.004400,-3729.3650,-1227.0760,-159.2489,50916.320,0.6350,1,5675
54.614,-0.005000,0.004400,-3729.3650,-1226.9520,-159.2477,50926.109,0.6350,1,5675
54.815,-0.005000,0.004400,-3729.3650,-1226.8320,-159.2489,50935.470,0.6350,1,5675
55.015,-0.005000,0.004400,-3729.3650,-1226.7040,-159.2502,50945.263,0.6350,1,5675
55.216,-0.005000,0.004400,-3729.3650,-1226.5720,-159.2502,50955.006,0.6350,1,5675
55.417,-0.005000,0.004400,-3729.3650,-1226.4480,-159.2502,50964.270,0.6350,1,5675
55.618,-0.005000,0.004400,-3729.3650,-1226.3200,-159.2489,50974.017,0.6350,1,5675
55.819,-0.005000,0.004400,-3729.3650,-1226.1960,-159.2477,50983.517,0.6350,1,5675
56.019,-0.005000,0.004400,-3729.3650,-1226.0680,-159.2489,50993.406,0.6350,1,5675
56.220,-0.005000,0.004400,-3729.3650,-1225.9320,-159.2477,51003.198,0.6350,1,5675
56.421,-0.005000,0.004400,-3729.3650,-1225.8080,-159.2477,51012.701,0.6350,1,5675
56.622,-0.005000,0.004400,-3729.3650,-1225.6760,-159.2477,51022.446,0.6350,1,5675
56.823,-0.005000,0.004400,-3729.3650,-1225.5480,-159.2477,51031.806,0.6350,1,5675
57.023,-0.005000,-0.000600,-3729.3650,-1225.4200,-159.2477,51041.598,0.6350,1,5675
57.224,-0.005000,0.004400,-3729.3650,-1225.2920,-159.2489,51051.437,0.6350,1,5675
57.425,-0.005000,0.004400,-3729.3650,-1225.1680,-159.2489,51061.085,0.6350,1,5675
57.625,-0.005000,0.004400,-3729.3650,-1225.0480,-159.2489,51070.496,0.6350,1,5675
57.826,-0.005000,0.004400,-3729.3650,-1224.9160,-159.2489,51080.238,0.6350,1,5675
58.026,-0.005000,0.004400,-3729.3650,-1224.7960,-159.2477,51089.503,0.6350,1,5675
58.227,-0.005000,0.004400,-3729.3650,-1224.6680,-159.2477,51099.199,0.6350,1,5675
58.427,-0.005000,0.004400,-3729.3650,-1224.5360,-159.2489,51108.992,0.6350,1,5675
58.628,-0.005000,0.004400,-3729.3650,-1224.4080,-159.2489,51118.733,0.6350,1,5675
58.828,-0.005000,0.004400,-3729.3650,-1224.2800,-159.2515,51128.429,0.6350,1,5675
59.029,-0.005000,0.004400,-3729.3650,-1224.1600,-159.2528,51137.742,0.6350,1,5675
59.229,-0.005000,0.004400,-3729.3650,-1224.0200,-159.2540,51147.629,0.6350,1,5675
59.430,-0.005000,-0.000600,-3729.3650,-1223.8880,-159.2540,51157.325,0.6350,1,5675
59.630,-0.005000,-0.000600,-3729.3650,-1223.7640,-159.2540,51166.638,0.6350,1,5675
59.831,-0.010000,-0.005600,-3729.3600,-1223.6360,-159.2502,51176.334,0.6350,1,5675
60.031,-0.005000,-0.005600,-3729.3650,-1223.5080,-159.2502,51186.126,0.6350,1,5675
60.232,-0.005000,-0.000600,-3729.3650,-1223.3880,-159.2528,51195.390,0.6350,1,5675
60.434,-0.005000,-0.000600,-3729.3650,-1223.2600,-159.2540,51205.184,0.6350,1,5675
60.637,-0.005000,-0.005600,-3729.3650,-1223.1360,-159.2540,51214.878,0.6350,1,5675
60.837,-0.005000,-0.005600,-3729.3650,-1223.0040,-159.2540,51224.669,0.6350,1,5675
61.037,-0.010000,-0.005600,-3729.3600,-1222.8760,-159.2540,51234.318,0.6350,1,5675
61.238,-0.005000,-0.005600,-3729.3650,-1222.7480,-159.2553,51243.677,0.6350,1,5675
61.438,-0.005000,-0.000600,-3729.3650,-1222.6160,-159.2578,51253.422,0.6350,1,5675
61.639,-0.005000,-0.000600,-3729.3650,-1222.4880,-159.2578,51263.117,0.6350,1,5675
61.839,-0.005000,-0.000600,-3729.3650,-1222.3600,-159.2578,51272.860,0.6350,1,5675
62.040,-0.005000,-0.000600,-3729.3650,-1222.2320,-159.2540,51282.557,0.6350,1,5675
62.241,-0.005000,-0.005600,-3729.3650,-1222.1080,-159.2528,51291.773,0.6350,1,5675
62.441,-0.005000,-0.000600,-3729.3650,-1221.9840,-159.2515,51301.518,0.6350,1,5675
62.642,-0.005000,0.004400,-3729.3650,-1221.8560,-159.2515,51311.214,0.6350,1,5675
62.843,-0.005000,0.004400,-3729.3650,-1221.7280,-159.2515,51321.006,0.6350,1,5675
63.043,-0.005000,-0.000600,-3729.3650,-1221.6000,-159.2489,51330.702,0.6350,1,5675
63.244,-0.010000,-0.000600,-3729.3600,-1221.4800,-159.2477,51339.917,0.6350,1,5675
63.445,-0.005000,-0.000600,-3729.3650,-1221.3480,-159.2489,51349.805,0.6350,1,5675
63.645,-0.005000,-0.000600,-3729.3650,-1221.2160,-159.2489,51359.597,0.6350,1,5675
63.846,0.000000,-0.000600,-3729.3700,-1221.0960,-159.2502,51368.861,0.6350,1,5675
64.047,0.000000,-0.000600,-3729.3700,-1220.9640,-159.2515,51378.651,0.6350,1,5675
64.248,0.000000,-0.000600,-3729.3700,-1220.8320,-159.2515,51388.445,0.6350,1,5675
64.449,0.000000,-0.005600,-3729.3700,-1220.7000,-159.2515,51398.239,0.6350,1,5675
64.650,0.000000,-0.005600,-3729.3700,-1220.5800,-159.2515,51407.453,0.6350,1,5675
64.850,0.000000,-0.005600,-3729.3700,-1220.4480,-159.2515,51417.438,0.6350,1,5675
65.051,0.000000,-0.005600,-3729.3700,-1220.3280,-159.2515,51426.799,0.6350,1,5675
65.253,0.005000,-0.005600,-3729.3750,-1220.2000,-159.2528,51436.541,0.6350,1,5675
65.453,0.005000,-0.005600,-3729.3750,-1220.0680,-159.2528,51446.288,0.6350,1,5675
65.654,0.005000,-0.005600,-3729.3750,-1219.9360,-159.2528,51456.076,0.6350,1,5675
65.854,0.005000,-0.005600,-3729.3750,-1219.8120,-159.2515,51465.294,0.6350,1,5675
66.055,0.000000,-0.005600,-3729.3700,-1219.6840,-159.2515,51475.086,0.6350,1,5675
66.255,0.005000,-0.000600,-3729.3750,-1219.5560,-159.2528,51484.832,0.6350,1,5675
66.456,0.005000,-0.000600,-3729.3750,-1219.4280,-159.2528,51494.429,0.6350,1,5675
66.656,0.005000,-0.000600,-3729.3750,-1219.3000,-159.2540,51504.125,0.6350,1,5675
66.857,0.005000,-0.005600,-3729.3750,-1219.1800,-159.2528,51513.343,0.6350,1,5675
67.057,0.005000,-0.005600,-3729.3750,-1219.0520,-159.2528,51523.085,0.6350,1,5675
67.257,-0.005000,-0.005600,-3729.3650,-1218.9200,-159.2477,51532.829,0.6350,1,5675
67.458,-0.005000,-0.005600,-3729.3650,-1218.7960,-159.2489,51542.526,0.6350,1,5675
67.659,-0.005000,-0.005600,-3729.3650,-1218.6720,-159.2489,51551.884,0.6350,1,5675
67.859,0.000000,-0.000600,-3729.3700,-1218.5440,-159.2515,51561.726,0.6350,1,5675
68.059,-0.005000,-0.005600,-3729.3650,-1218.4160,-159.2502,51571.516,0.6350,1,5675
68.260,-0.005000,-0.005600,-3729.3650,-1218.2960,-159.2502,51580.734,0.6350,1,5675
68.460,0.000000,-0.000600,-3729.3700,-1218.1680,-159.2515,51590.526,0.6350,1,5675
68.661,0.000000,-0.000600,-3729.3700,-1218.0400,-159.2515,51600.271,0.6350,1,5675
68.861,0.000000,-0.000600,-3729.3700,-1217.9120,-159.2515,51609.773,0.6350,1,5675
69.061,0.000000,-0.000600,-3729.3700,-1217.7840,-159.2515,51619.517,0.6350,1,5675
69.262,0.000000,-0.000600,-3729.3700,-1217.6560,-159.2515,51629.260,0.6350,1,5675
69.462,0.000000,-0.000600,-3729.3700,-1217.5320,-159.2515,51638.477,0.6350,1,5675
69.663,0.000000,-0.000600,-3729.3700,-1217.4080,-159.2502,51648.223,0.6350,1,5675
69.863,0.000000,-0.000600,-3729.3700,-1217.2760,-159.2502,51658.060,0.6350,1,5675
70.064,0.005000,-0.000600,-3729.3750,-1217.1480,-159.2502,51667.325,0.6350,1,5675
70.264,0.005000,-0.000600,-3729.3750,-1217.0200,-159.2515,51677.165,0.6350,1,5675
70.464,0.005000,-0.000600,-3729.3750,-1216.8960,-159.2502,51686.525,0.6350,1,5675
70.665,0.005000,-0.000600,-3729.3750,-1216.7640,-159.2502,51696.173,0.6350,1,5675
70.865,0.005000,0.004400,-3729.3750,-1216.6400,-159.2515,51705.917,0.6350,1,5675
71.066,0.005000,0.004400,-3729.3750,-1216.5080,-159.2515,51715.710,0.6350,1,5675
71.267,0.005000,0.004400,-3729.3750,-1216.3760,-159.2515,51725.406,0.6350,1,5675
71.467,0.005000,0.004400,-3729.3750,-1216.2440,-159.2528,51735.101,0.6350,1,5675
71.668,0.005000,0.004400,-3729.3750,-1216.1240,-159.2528,51744.317,0.6350,1,5675
71.868,0.005000,-0.000600,-3729.3750,-1216.0000,-159.2528,51754.014,0.6350,1,5675
72.069,0.005000,-0.000600,-3729.3750,-1215.8720,-159.2528,51763.710,0.6350,1,5675
72.269,0.005000,-0.000600,-3729.3750,-1215.7520,-159.2528,51773.020,0.6350,1,5675
72.470,0.005000,-0.000600,-3729.3750,-1215.6240,-159.2528,51782.860,0.6350,1,5675
72.671,0.005000,-0.000600,-3729.3750,-1215.4920,-159.2528,51792.702,0.6350,1,5675
72.871,0.005000,0.004400,-3729.3750,-1215.3640,-159.2540,51802.447,0.6350,1,5675
73.072,0.005000,0.004400,-3729.3750,-1215.2320,-159.2540,51811.710,0.6350,1,5675
73.273,0.000000,0.004400,-3729.3700,-1215.1000,-159.2540,51821.645,0.6350,1,5675
73.474,0.000000,0.004400,-3729.3700,-1214.9720,-159.2553,51831.389,0.6350,1,5675
73.675,0.000000,0.004400,-3729.3700,-1214.8480,-159.2553,51840.750,0.6350,1,5675
73.875,0.000000,0.004400,-3729.3700,-1214.7200,-159.2553,51850.493,0.6350,1,5675
74.076,0.000000,0.004400,-3729.3700,-1214.5920,-159.2566,51860.237,0.6350,1,5675
74.276,0.005000,0.004400,-3729.3750,-1214.4680,-159.2578,51869.645,0.6350,1,5675
74.477,0.000000,-0.000600,-3729.3700,-1214.3400,-159.2578,51879.436,0.6350,1,5675
74.678,-0.005000,-0.005600,-3729.3650,-1214.2080,-159.2540,51889.135,0.6350,1,5675
74.879,-0.005000,-0.005600,-3729.3650,-1214.0800,-159.2489,51898.877,0.6350,1,5675
75.079,-0.005000,-0.000600,-3729.3650,-1213.9680,-159.2489,51907.566,0.6350,1,5675
75.279,-0.005000,-0.000600,-3729.3650,-1213.8400,-159.2489,51917.741,0.6350,1,5675
75.480,-0.005000,-0.000600,-3729.3650,-1213.7080,-159.2489,51927.486,0.6350,1,5675
75.680,-0.005000,0.004400,-3729.3650,-1213.5800,-159.2489,51937.182,0.6350,1,5675
75.881,-0.005000,0.004400,-3729.3650,-1213.4520,-159.2489,51946.926,0.6350,1,5675
76.082,-0.010000,0.004400,-3729.3600,-1213.3200,-159.2489,51956.621,0.6350,1,5675
76.283,-0.005000,0.004400,-3729.3650,-1213.2000,-159.2489,51965.837,0.6350,1,5675
76.484,-0.005000,0.004400,-3729.3650,-1213.0720,-159.2489,51975.581,0.6350,1,5675
76.685,-0.005000,0.004400,-3729.3650,-1212.9440,-159.2489,51985.469,0.6350,1,5675
76.885,-0.005000,0.004400,-3729.3650,-1212.8200,-159.2502,51994.734,0.6350,1,5675
77.086,-0.005000,-0.000600,-3729.3650,-1212.6880,-159.2489,52004.525,0.6350,1,5675
77.286,-0.005000,-0.000600,-3729.3650,-1212.5600,-159.2489,52014.367,0.6350,1,5675
77.487,-0.005000,-0.000600,-3729.3650,-1212.4400,-159.2502,52023.581,0.6350,1,5675
77.688,0.000000,-0.000600,-3729.3700,-1212.3120,-159.2502,52033.373,0.6350,1,5675
77.891,0.000000,-0.000600,-3729.3700,-1212.1840,-159.2515,52043.118,0.6350,1,5675
78.092,0.000000,-0.000600,-3729.3700,-1212.0520,-159.2528,52052.862,0.6350,1,5675
78.293,0.000000,0.004400,-3729.3700,-1211.9200,-159.2515,52062.750,0.6350,1,5675
78.493,0.000000,0.004400,-3729.3700,-1211.7920,-159.2515,52072.349,0.6350,1,5675
78.695,-0.005000,0.004400,-3729.3650,-1211.6680,-159.2515,52081.757,0.6350,1,5675
78.897,-0.005000,0.004400,-3729.3650,-1211.5360,-159.2515,52091.742,0.6350,1,5675
79.098,-0.005000,0.004400,-3729.3650,-1211.4120,-159.2528,52101.054,0.6350,1,5675
79.300,-0.005000,-0.000600,-3729.3650,-1211.2840,-159.2515,52110.846,0.6350,1,5675
79.500,-0.005000,-0.000600,-3729.3650,-1211.1560,-159.2528,52120.351,0.6350,1,5675
79.703,-0.005000,-0.005600,-3729.3650,-1211.0280,-159.2528,52130.142,0.6350,1,5675
79.904,-0.005000,-0.000600,-3729.3650,-1210.9000,-159.2515,52140.029,0.6350,1,5675
80.104,-0.005000,-0.000600,-3729.3650,-1210.7760,-159.2515,52149.340,0.6350,1,5675
80.305,0.000000,0.004400,-3729.3700,-1210.6440,-159.2528,52159.086,0.6350,1,5675
80.508,-0.005000,0.004400,-3729.3650,-1210.5080,-159.2528,52169.021,0.6350,1,5675
80.709,-0.005000,0.004400,-3729.3650,-1210.3800,-159.2515,52178.334,0.6350,1,5675
80.911,-0.005000,0.004400,-3729.3650,-1210.2520,-159.2515,52188.125,0.6350,1,5675
81.112,-0.005000,0.004400,-3729.3650,-1210.1280,-159.2502,52197.870,0.6350,1,5675
81.312,-0.005000,0.004400,-3729.3650,-1210.0000,-159.2502,52207.567,0.6350,1,5675
81.513,-0.005000,0.004400,-3729.3650,-1209.8760,-159.2502,52216.830,0.6350,1,5675
81.713,-0.005000,0.004400,-3729.3650,-1209.7440,-159.2489,52226.715,0.6350,1,5675
81.913,-0.005000,0.004400,-3729.3650,-1209.6160,-159.2489,52236.414,0.6350,1,5675
82.116,-0.010000,-0.000600,-3729.3600,-1209.4840,-159.2477,52246.109,0.6350,1,5675
82.318,-0.005000,-0.005600,-3729.3650,-1209.3560,-159.2477,52255.901,0.6350,1,5675
82.519,-0.005000,-0.005600,-3729.3650,-1209.2360,-159.2489,52265.118,0.6350,1,5675
82.719,-0.005000,-0.000600,-3729.3650,-1209.1120,-159.2489,52274.862,0.6350,1,5675
82.920,0.000000,-0.000600,-3729.3700,-1208.9840,-159.2502,52284.653,0.6350,1,5675
83.120,0.000000,0.004400,-3729.3700,-1208.8560,-159.2502,52294.350,0.6350,1,5675
83.321,-0.005000,-0.000600,-3729.3650,-1208.7320,-159.2489,52303.711,0.6350,1,5675
83.522,-0.005000,0.004400,-3729.3650,-1208.6000,-159.2489,52313.454,0.6350,1,5675
83.722,0.000000,0.004400,-3729.3700,-1208.4720,-159.2502,52323.198,0.6350,1,5675
83.923,-0.005000,0.004400,-3729.3650,-1208.3480,-159.2502,52332.606,0.6350,1,5675
84.123,-0.005000,0.009400,-3729.3650,-1208.2200,-159.2515,52342.350,0.6350,1,5675
84.324,-0.005000,0.004400,-3729.3650,-1208.0960,-159.2515,52351.759,0.6350,1,5675
84.524,0.000000,0.004400,-3729.3700,-1207.9680,-159.2528,52361.549,0.6350,1,5675
84.724,0.000000,-0.000600,-3729.3700,-1207.8400,-159.2528,52371.245,0.6350,1,5675
84.925,0.000000,-0.000600,-3729.3700,-1207.7120,-159.2528,52380.990,0.6350,1,5675
85.125,0.000000,-0.000600,-3729.3700,-1207.5880,-159.2528,52390.255,0.6350,1,5675
85.326,0.005000,-0.000600,-3729.3750,-1207.4600,-159.2540,52399.949,0.6350,1,5675
85.526,0.005000,-0.000600,-3729.3750,-1207.3280,-159.2553,52409.887,0.6350,1,5675
85.727,0.005000,-0.000600,-3729.3750,-1207.2040,-159.2566,52419.102,0.6350,1,5675
85.932,0.005000,-0.000600,-3729.3750,-1207.0680,-159.2553,52429.329,0.6350,1,5675
86.133,0.005000,-0.000600,-3729.3750,-1206.9400,-159.2553,52438.973,0.6350,1,5675
86.334,0.005000,-0.000600,-3729.3750,-1206.8120,-159.2566,52448.671,0.6350,1,5675
86.535,0.005000,-0.000600,-3729.3750,-1206.6920,-159.2553,52457.934,0.6350,1,5675
86.736,0.005000,-0.000600,-3729.3750,-1206.5680,-159.2553,52467.392,0.6350,1,5675
86.936,0.005000,-0.000600,-3729.3750,-1206.4360,-159.2553,52477.276,0.6350,1,5675
87.138,0.005000,-0.000600,-3729.3750,-1206.3040,-159.2553,52486.973,0.6350,1,5675
87.339,0.005000,0.004400,-3729.3750,-1206.1760,-159.2553,52496.717,0.6350,1,5675
87.540,0.005000,0.004400,-3729.3750,-1206.0400,-159.2540,52506.462,0.6350,1,5675
87.740,0.005000,0.004400,-3729.3750,-1205.9120,-159.2553,52516.205,0.6350,1,5675
87.940,0.005000,0.004400,-3729.3750,-1205.7880,-159.2566,52525.661,0.6350,1,5675
88.141,0.005000,0.004400,-3729.3750,-1205.6640,-159.2566,52535.070,0.6350,1,5675
88.342,0.000000,0.004400,-3729.3700,-1205.5360,-159.2566,52544.813,0.6350,1,5675
88.543,0.005000,0.004400,-3729.3750,-1205.4120,-159.2566,52554.557,0.6350,1,5675
88.744,0.000000,-0.000600,-3729.3700,-1205.2800,-159.2553,52564.350,0.6350,1,5675
88.944,0.005000,-0.000600,-3729.3750,-1205.1640,-159.2566,52573.613,0.6350,1,5675
89.147,0.005000,-0.000600,-3729.3750,-1205.0320,-159.2578,52583.358,0.6350,1,5675
89.348,0.005000,-0.000600,-3729.3750,-1204.9040,-159.2578,52593.103,0.6350,1,5675
89.548,0.005000,-0.000600,-3729.3750,-1204.7760,-159.2578,52602.895,0.6350,1,5675
89.749,0.000000,-0.005600,-3729.3700,-1204.6520,-159.2566,52612.157,0.6350,1,5675
89.949,0.000000,-0.000600,-3729.3700,-1204.5240,-159.2553,52621.951,0.6350,1,5675
90.150,0.000000,0.004400,-3729.3700,-1204.3960,-159.2566,52631.694,0.6350,1,5675
90.353,0.005000,0.009400,-3729.3750,-1204.2600,-159.2578,52641.488,0.6350,1,5675
90.553,0.000000,0.004400,-3729.3700,-1204.1240,-159.2578,52651.229,0.6350,1,5675
90.754,0.000000,-0.000600,-3729.3700,-1204.0040,-159.2566,52660.492,0.6350,1,5675
90.954,0.000000,-0.000600,-3729.3700,-1203.8760,-159.2566,52670.189,0.6350,1,5675
91.155,0.005000,-0.000600,-3729.3750,-1203.7560,-159.2578,52679.886,0.6350,1,5675
91.355,0.005000,-0.000600,-3729.3750,-1203.6280,-159.2578,52689.582,0.6350,1,5675
91.556,0.000000,-0.000600,-3729.3700,-1203.4960,-159.2578,52699.328,0.6350,1,5675
91.756,0.005000,-0.000600,-3729.3750,-1203.3800,-159.2578,52708.541,0.6350,1,5675
91.957,0.000000,0.004400,-3729.3700,-1203.2440,-159.2578,52718.381,0.6350,1,5675
92.157,0.000000,0.004400,-3729.3700,-1203.1120,-159.2566,52728.078,0.6350,1,5675
92.358,0.000000,0.004400,-3729.3700,-1202.9800,-159.2566,52737.869,0.6350,1,5675
92.559,0.000000,0.004400,-3729.3700,-1202.8600,-159.2566,52747.134,0.6350,1,5675
92.759,0.000000,0.004400,-3729.3700,-1202.7320,-159.2566,52756.735,0.6350,1,5675
92.960,0.000000,-0.000600,-3729.3700,-1202.6000,-159.2566,52766.621,0.6350,1,5675
93.160,0.000000,-0.000600,-3729.3700,-1202.4760,-159.2566,52776.029,0.6350,1,5675
93.360,0.000000,-0.000600,-3729.3700,-1202.3520,-159.2553,52785.726,0.6350,1,5675
93.561,0.000000,-0.000600,-3729.3700,-1202.2240,-159.2553,52795.467,0.6350,1,5675
93.762,0.000000,-0.000600,-3729.3700,-1202.0920,-159.2553,52805.166,0.6350,1,5675
93.962,0.000000,0.004400,-3729.3700,-1201.9720,-159.2540,52814.430,0.6350,1,5675
94.162,0.000000,0.004400,-3729.3700,-1201.8400,-159.2540,52824.173,0.6350,1,5675
94.364,-0.005000,0.004400,-3729.3650,-1201.7120,-159.2540,52833.919,0.6350,1,5675
94.566,0.000000,-0.000600,-3729.3700,-1201.5880,-159.2528,52843.423,0.6350,1,5675
94.766,-0.005000,-0.000600,-3729.3650,-1201.4640,-159.2528,52853.165,0.6350,1,5675
94.967,0.000000,-0.000600,-3729.3700,-1201.3360,-159.2528,52862.861,0.6350,1,5675
95.168,0.000000,-0.000600,-3729.3700,-1201.2040,-159.2528,52872.653,0.6350,1,5675
95.368,0.000000,-0.000600,-3729.3700,-1201.0800,-159.2528,52881.966,0.6350,1,5675
95.569,0.000000,0.004400,-3729.3700,-1200.9520,-159.2528,52891.613,0.6350,1,5675
95.770,-0.005000,0.004400,-3729.3650,-1200.8160,-159.2528,52901.502,0.6350,1,5675
95.970,-0.005000,0.004400,-3729.3650,-1200.6880,-159.2515,52911.246,0.6350,1,5675
96.171,-0.005000,0.004400,-3729.3650,-1200.5720,-159.2515,52920.462,0.6350,1,5675
96.372,0.000000,0.004400,-3729.3700,-1200.4480,-159.2528,52930.205,0.6350,1,5675
96.573,0.000000,-0.000600,-3729.3700,-1200.3160,-159.2528,52939.999,0.6350,1,5675
96.773,0.000000,-0.000600,-3729.3700,-1200.1880,-159.2528,52949.406,0.6350,1,5675
96.974,0.000000,-0.000600,-3729.3700,-1200.0560,-159.2528,52959.101,0.6350,1,5675
97.174,-0.005000,-0.005600,-3729.3650,-1199.9200,-159.2502,52968.846,0.6350,1,5675
97.375,-0.005000,-0.005600,-3729.3650,-1199.7920,-159.2477,52978.589,0.6350,1,5675
97.576,-0.005000,-0.000600,-3729.3650,-1199.6720,-159.2489,52987.901,0.6350,1,5675
97.776,-0.005000,0.004400,-3729.3650,-1199.5440,-159.2502,52997.694,0.6350,1,5675
97.977,-0.005000,0.004400,-3729.3650,-1199.4160,-159.2515,53007.438,0.6350,1,5675
98.177,-0.005000,0.004400,-3729.3650,-1199.2880,-159.2515,53017.132,0.6350,1,5675
98.378,-0.005000,-0.000600,-3729.3650,-1199.1680,-159.2502,53025.918,0.6350,1,5675
98.580,-0.005000,-0.000600,-3729.3650,-1199.0360,-159.2502,53036.142,0.6350,1,5675
98.780,-0.005000,-0.000600,-3729.3650,-1198.9120,-159.2502,53045.934,0.6350,1,5675
98.981,-0.005000,-0.000600,-3729.3650,-1198.7840,-159.2502,53055.725,0.6350,1,5675
99.181,-0.005000,0.004400,-3729.3650,-1198.6600,-159.2489,53064.990,0.6350,1,5675
99.382,-0.005000,0.004400,-3729.3650,-1198.5320,-159.2502,53074.685,0.6350,1,5675
99.582,-0.005000,0.004400,-3729.3650,-1198.4040,-159.2502,53084.429,0.6350,1,5675
99.783,-0.005000,-0.000600,-3729.3650,-1198.2720,-159.2489,53094.221,0.6350,1,5675
99.984,-0.005000,-0.000600,-3729.3650,-1198.1480,-159.2489,53103.486,0.6350,1,5675
100.184,-0.005000,-0.000600,-3729.3650,-1198.0200,-159.2477,53113.325,0.6350,1,5675
100.385,-0.005000,-0.000600,-3729.3650,-1197.9000,-159.2489,53122.685,0.6350,1,5675
100.586,-0.005000,0.004400,-3729.3650,-1197.7680,-159.2489,53132.622,0.6350,1,5675
100.786,-0.005000,0.004400,-3729.3650,-1197.6400,-159.2489,53142.317,0.6350,1,5675
100.987,-0.005000,0.004400,-3729.3650,-1197.5120,-159.2489,53151.821,0.6350,1,5675
101.187,-0.005000,0.004400,-3729.3650,-1197.3880,-159.2489,53161.566,0.6350,1,5675
101.388,-0.005000,-0.000600,-3729.3650,-1197.2600,-159.2489,53170.878,0.6350,1,5675
101.590,0.000000,-0.000600,-3729.3700,-1197.1320,-159.2502,53180.909,0.6350,1,5675
101.790,0.000000,-0.000600,-3729.3700,-1197.0080,-159.2515,53190.173,0.6350,1,5675
101.991,0.000000,-0.000600,-3729.3700,-1196.8760,-159.2528,53200.013,0.6350,1,5675
102.191,0.000000,-0.000600,-3729.3700,-1196.7520,-159.2528,53209.421,0.6350,1,5675
102.393,0.000000,-0.000600,-3729.3700,-1196.6200,-159.2515,53219.213,0.6350,1,5675
102.595,0.000000,-0.000600,-3729.3700,-1196.4800,-159.2515,53229.101,0.6350,1,5675
102.796,0.000000,0.004400,-3729.3700,-1196.3600,-159.2528,53238.461,0.6350,1,5675
102.997,0.005000,0.004400,-3729.3750,-1196.2400,-159.2528,53247.677,0.6350,1,5675
103.198,0.000000,0.004400,-3729.3700,-1196.1040,-159.2540,53257.949,0.6350,1,5675
103.399,0.000000,0.004400,-3729.3700,-1195.9720,-159.2540,53267.695,0.6350,1,5675
103.599,0.000000,-0.000600,-3729.3700,-1195.8480,-159.2540,53277.152,0.6350,1,5675
103.800,0.005000,-0.000600,-3729.3750,-1195.7240,-159.2540,53287.038,0.6350,1,5675
104.001,0.000000,-0.000600,-3729.3700,-1195.6000,-159.2540,53296.302,0.6350,1,5675
104.201,0.005000,-0.000600,-3729.3750,-1195.4720,-159.2540,53306.142,0.6350,1,5675
104.402,0.005000,-0.000600,-3729.3750,-1195.3480,-159.2528,53315.500,0.6350,1,5675
104.603,0.000000,-0.000600,-3729.3700,-1195.2080,-159.2515,53325.437,0.6350,1,5675
104.803,-0.010000,-0.005600,-3729.3600,-1195.0760,-159.2477,53335.181,0.6350,1,5675
105.004,-0.005000,-0.005600,-3729.3650,-1194.9520,-159.2489,53344.877,0.6350,1,5675
105.204,0.000000,-0.000600,-3729.3700,-1194.8360,-159.2489,53354.142,0.6350,1,5675
105.405,0.000000,0.004400,-3729.3700,-1194.7080,-159.2502,53363.934,0.6350,1,5675
105.605,0.000000,0.004400,-3729.3700,-1194.5840,-159.2515,53373.293,0.6350,1,5675
105.806,0.000000,0.009400,-3729.3700,-1194.4560,-159.2515,53382.990,0.6350,1,5675
106.006,-0.005000,0.004400,-3729.3650,-1194.3200,-159.2515,53392.925,0.6350,1,5675
106.206,-0.005000,0.004400,-3729.3650,-1194.1960,-159.2515,53402.237,0.6350,1,5675
106.407,-0.005000,0.004400,-3729.3650,-1194.0640,-159.2502,53412.079,0.6350,1,5675
106.607,-0.005000,0.004400,-3729.3650,-1193.9360,-159.2502,53421.773,0.6350,1,5675
106.808,-0.005000,0.004400,-3729.3650,-1193.8200,-159.2502,53430.990,0.6350,1,5675
107.008,-0.005000,0.004400,-3729.3650,-1193.6920,-159.2515,53440.733,0.6350,1,5675
107.210,-0.005000,-0.000600,-3729.3650,-1193.5600,-159.2515,53450.525,0.6350,1,5675
107.411,-0.005000,-0.005600,-3729.3650,-1193.4320,-159.2502,53460.318,0.6350,1,5675
107.611,0.000000,-0.000600,-3729.3700,-1193.3120,-159.2515,53469.581,0.6350,1,5675
107.811,0.000000,-0.000600,-3729.3700,-1193.1760,-159.2502,53479.421,0.6350,1,5675
108.012,0.000000,-0.000600,-3729.3700,-1193.0440,-159.2502,53489.214,0.6350,1,5675
108.212,0.000000,-0.000600,-3729.3700,-1192.9240,-159.2502,53498.429,0.6350,1,5675
108.413,0.000000,0.004400,-3729.3700,-1192.7920,-159.2502,53508.220,0.6350,1,5675
108.613,-0.005000,-0.000600,-3729.3650,-1192.6560,-159.2477,53518.062,0.6350,1,5675
108.814,-0.010000,-0.000600,-3729.3600,-1192.5320,-159.2477,53527.518,0.6350,1,5675
109.014,-0.005000,-0.000600,-3729.3650,-1192.4040,-159.2477,53537.309,0.6350,1,5675
109.215,-0.005000,-0.000600,-3729.3650,-1192.2800,-159.2477,53546.574,0.6350,1,5675
109.415,0.000000,0.004400,-3729.3700,-1192.1520,-159.2489,53556.365,0.6350,1,5675
109.616,0.000000,0.004400,-3729.3700,-1192.0200,-159.2489,53566.255,0.6350,1,5675
109.816,0.000000,-0.000600,-3729.3700,-1191.9000,-159.2477,53575.422,0.6350,1,5675
110.016,0.000000,-0.000600,-3729.3700,-1191.7720,-159.2477,53585.214,0.6350,1,5675
110.217,0.000000,-0.000600,-3729.3700,-1191.6440,-159.2477,53594.766,0.6350,1,5675
110.419,0.005000,-0.000600,-3729.3750,-1191.5160,-159.2489,53604.508,0.6350,1,5675
110.620,0.005000,-0.000600,-3729.3750,-1191.3880,-159.2489,53614.206,0.6350,1,5675
110.820,0.005000,-0.000600,-3729.3750,-1191.2600,-159.2489,53623.949,0.6350,1,5675
111.021,0.005000,-0.005600,-3729.3750,-1191.1360,-159.2489,53633.262,0.6350,1,5675
111.222,0.005000,-0.000600,-3729.3750,-1191.0080,-159.2489,53643.006,0.6350,1,5675
111.422,0.005000,-0.005600,-3729.3750,-1190.8760,-159.2489,53652.750,0.6350,1,5675
111.622,0.005000,-0.005600,-3729.3750,-1190.7520,-159.2489,53662.304,0.6350,1,5675
111.823,0.005000,-0.005600,-3729.3750,-1190.6240,-159.2489,53671.998,0.6350,1,5675
112.028,0.005000,-0.005600,-3729.3750,-1190.4920,-159.2489,53681.790,0.6350,1,5675
112.229,-0.005000,-0.010600,-3729.3650,-1190.3600,-159.2464,53691.581,0.6350,1,5675
112.429,-0.005000,-0.005600,-3729.3650,-1190.2360,-159.2477,53701.084,0.6350,1,5675
112.630,-0.005000,-0.005600,-3729.3650,-1190.1120,-159.2477,53710.781,0.6350,1,5675
112.830,-0.005000,-0.005600,-3729.3650,-1189.9920,-159.2489,53720.141,0.6350,1,5675
113.031,-0.005000,-0.005600,-3729.3650,-1189.8640,-159.2502,53730.030,0.6350,1,5675
113.231,-0.005000,-0.005600,-3729.3650,-1189.7360,-159.2502,53739.534,0.6350,1,5675
113.432,0.000000,-0.005600,-3729.3700,-1189.6080,-159.2515,53749.324,0.6350,1,5675
113.632,0.000000,-0.005600,-3729.3700,-1189.4840,-159.2502,53758.590,0.6350,1,5675
113.833,-0.005000,-0.005600,-3729.3650,-1189.3560,-159.2502,53768.286,0.6350,1,5675
114.033,-0.005000,-0.005600,-3729.3650,-1189.2280,-159.2502,53777.983,0.6350,1,5675
114.234,0.000000,-0.000600,-3729.3700,-1189.1000,-159.2528,53787.773,0.6350,1,5675
114.434,0.000000,-0.005600,-3729.3700,-1188.9760,-159.2540,53797.134,0.6350,1,5675
114.635,0.000000,-0.005600,-3729.3700,-1188.8440,-159.2540,53806.877,0.6350,1,5675
114.835,-0.005000,-0.005600,-3729.3650,-1188.7160,-159.2540,53816.669,0.6350,1,5675
115.035,0.000000,-0.005600,-3729.3700,-1188.5920,-159.2553,53826.365,0.6350,1,5675
115.236,0.000000,-0.000600,-3729.3700,-1188.4640,-159.2553,53835.630,0.6350,1,5675
115.436,0.000000,-0.005600,-3729.3700,-1188.3280,-159.2566,53845.518,0.6350,1,5675
115.636,-0.005000,-0.000600,-3729.3650,-1188.2040,-159.2566,53854.830,0.6350,1,5675
115.840,-0.005000,-0.005600,-3729.3650,-1188.0720,-159.2566,53864.669,0.6350,1,5675
116.041,-0.005000,-0.005600,-3729.3650,-1187.9480,-159.2566,53874.412,0.6350,1,5675
116.241,-0.010000,-0.010600,-3729.3600,-1187.8120,-159.2502,53884.253,0.6350,1,5675
116.442,-0.010000,-0.005600,-3729.3600,-1187.6880,-159.2464,53893.517,0.6350,1,5675
116.643,-0.005000,-0.005600,-3729.3650,-1187.5640,-159.2477,53903.213,0.6350,1,5675
116.843,-0.005000,-0.005600,-3729.3650,-1187.4320,-159.2489,53913.053,0.6350,1,5675
117.044,-0.005000,-0.000600,-3729.3650,-1187.3080,-159.2502,53922.751,0.6350,1,5675
117.244,-0.005000,-0.000600,-3729.3650,-1187.1840,-159.2489,53932.061,0.6350,1,5675
117.445,-0.005000,-0.000600,-3729.3650,-1187.0560,-159.2489,53941.806,0.6350,1,5675
117.645,-0.005000,-0.000600,-3729.3650,-1186.9280,-159.2489,53951.597,0.6350,1,5675
117.846,-0.005000,-0.000600,-3729.3650,-1186.8000,-159.2502,53961.102,0.6350,1,5675
118.047,-0.005000,0.004400,-3729.3650,-1186.6720,-159.2502,53970.844,0.6350,1,5675
118.247,-0.005000,0.004400,-3729.3650,-1186.5440,-159.2515,53980.253,0.6350,1,5675
118.448,-0.005000,0.004400,-3729.3650,-1186.4160,-159.2502,53990.143,0.6350,1,5675
118.649,-0.005000,-0.000600,-3729.3650,-1186.2920,-159.2489,53999.406,0.6350,1,5675
118.850,-0.005000,-0.000600,-3729.3650,-1186.1640,-159.2489,54009.149,0.6350,1,5675
119.050,-0.005000,0.004400,-3729.3650,-1186.0360,-159.2489,54018.847,0.6350,1,5675
119.251,-0.005000,0.004400,-3729.3650,-1185.9080,-159.2489,54028.685,0.6350,1,5675
119.451,-0.005000,0.004400,-3729.3650,-1185.7760,-159.2502,54038.335,0.6350,1,5675
119.651,-0.010000,0.004400,-3729.3600,-1185.6520,-159.2477,54047.550,0.6350,1,5675
119.852,-0.005000,-0.005600,-3729.3650,-1185.5240,-159.2477,54057.391,0.6350,1,5675
120.053,-0.005000,-0.000600,-3729.3650,-1185.4000,-159.2489,54067.134,0.6350,1,5675
120.254,0.000000,-0.000600,-3729.3700,-1185.2800,-159.2477,54076.398,0.6350,1,5675
120.455,0.005000,-0.000600,-3729.3750,-1185.1520,-159.2489,54086.237,0.6350,1,5675
120.655,0.005000,-0.000600,-3729.3750,-1185.0240,-159.2489,54096.029,0.6350,1,5675
120.856,0.010000,0.004400,-3729.3800,-1184.9000,-159.2489,54105.391,0.6350,1,5675
121.056,0.005000,-0.000600,-3729.3750,-1184.7720,-159.2489,54114.605,0.6350,1,5675
121.257,0.005000,0.004400,-3729.3750,-1184.6280,-159.2489,54124.973,0.6350,1,5675
121.457,0.005000,0.004400,-3729.3750,-1184.5080,-159.2489,54134.237,0.6350,1,5675
121.658,0.005000,0.004400,-3729.3750,-1184.3760,-159.2489,54144.029,0.6350,1,5675
121.860,0.005000,0.004400,-3729.3750,-1184.2520,-159.2489,54153.630,0.6350,1,5675
122.061,0.005000,0.004400,-3729.3750,-1184.1240,-159.2502,54163.373,0.6350,1,5675
122.262,0.005000,0.004400,-3729.3750,-1183.9960,-159.2515,54173.165,0.6350,1,5675
122.463,0.005000,0.004400,-3729.3750,-1183.8720,-159.2515,54182.669,0.6350,1,5675
122.664,0.005000,0.004400,-3729.3750,-1183.7480,-159.2515,54192.460,0.6350,1,5675
122.865,0.005000,-0.000600,-3729.3750,-1183.6240,-159.2515,54201.870,0.6350,1,5675
123.065,0.005000,-0.000600,-3729.3750,-1183.4960,-159.2528,54211.613,0.6350,1,5675
123.265,0.005000,-0.000600,-3729.3750,-1183.3640,-159.2528,54221.358,0.6350,1,5675
123.466,0.005000,-0.000600,-3729.3750,-1183.2400,-159.2528,54230.574,0.6350,1,5675
123.668,0.000000,-0.005600,-3729.3700,-1183.1040,-159.2489,54240.413,0.6350,1,5675
123.869,-0.005000,-0.005600,-3729.3650,-1182.9720,-159.2477,54250.157,0.6350,1,5675
124.070,-0.010000,-0.010600,-3729.3600,-1182.8480,-159.2477,54259.518,0.6350,1,5675
124.273,-0.005000,-0.005600,-3729.3650,-1182.7160,-159.2489,54269.741,0.6350,1,5675
124.474,0.000000,-0.000600,-3729.3700,-1182.5960,-159.2515,54279.246,0.6350,1,5675
124.676,0.005000,-0.000600,-3729.3750,-1182.4760,-159.2540,54288.703,0.6350,1,5675
124.877,0.005000,-0.000600,-3729.3750,-1182.3440,-159.2540,54298.589,0.6350,1,5675
125.077,0.005000,-0.000600,-3729.3750,-1182.2160,-159.2553,54307.949,0.6350,1,5675
125.278,0.005000,-0.005600,-3729.3750,-1182.0960,-159.2540,54317.166,0.6350,1,5675
125.479,0.005000,-0.005600,-3729.3750,-1181.9600,-159.2553,54327.485,0.6350,1,5675
125.681,0.005000,-0.005600,-3729.3750,-1181.8280,-159.2553,54337.278,0.6350,1,5675
125.882,0.005000,-0.005600,-3729.3750,-1181.7040,-159.2553,54346.638,0.6350,1,5675
126.082,0.005000,-0.005600,-3729.3750,-1181.5720,-159.2566,54356.479,0.6350,1,5675
126.284,0.005000,-0.005600,-3729.3750,-1181.4440,-159.2566,54365.984,0.6350,1,5675
126.484,0.005000,-0.005600,-3729.3750,-1181.3080,-159.2578,54375.917,0.6350,1,5675
126.686,0.005000,-0.000600,-3729.3750,-1181.1840,-159.2578,54385.564,0.6350,1,5675
126.887,0.005000,-0.000600,-3729.3750,-1181.0680,-159.2578,54394.829,0.6350,1,5675
127.088,0.005000,-0.000600,-3729.3750,-1180.9360,-159.2578,54404.813,0.6350,1,5675
127.290,0.000000,-0.005600,-3729.3700,-1180.8000,-159.2566,54414.606,0.6350,1,5675
127.490,0.000000,-0.000600,-3729.3700,-1180.6720,-159.2566,54424.204,0.6350,1,5675
127.691,0.005000,-0.000600,-3729.3750,-1180.5520,-159.2578,54433.518,0.6350,1,5675
127.892,0.005000,-0.000600,-3729.3750,-1180.4280,-159.2578,54443.310,0.6350,1,5675
128.092,0.005000,-0.005600,-3729.3750,-1180.3000,-159.2578,54453.101,0.6350,1,5675
128.293,0.005000,-0.000600,-3729.3750,-1180.1760,-159.2578,54462.366,0.6350,1,5675
128.494,0.005000,-0.000600,-3729.3750,-1180.0480,-159.2591,54471.871,0.6350,1,5675
128.698,0.005000,-0.000600,-3729.3750,-1179.9160,-159.2578,54481.804,0.6350,1,5675
128.900,0.005000,-0.000600,-3729.3750,-1179.7800,-159.2578,54491.886,0.6350,1,5675
129.100,0.000000,0.004400,-3729.3700,-1179.6600,-159.2578,54501.102,0.6350,1,5675
129.301,0.005000,0.004400,-3729.3750,-1179.5360,-159.2578,54510.893,0.6350,1,5675
129.501,0.005000,0.004400,-3729.3750,-1179.4040,-159.2578,54520.637,0.6350,1,5675
129.702,0.000000,0.004400,-3729.3700,-1179.2760,-159.2566,54529.950,0.6350,1,5675
129.902,0.000000,0.004400,-3729.3700,-1179.1440,-159.2566,54539.789,0.6350,1,5675
130.103,-0.005000,0.004400,-3729.3650,-1179.0160,-159.2553,54549.535,0.6350,1,5675
130.304,-0.005000,0.004400,-3729.3650,-1178.8920,-159.2553,54558.798,0.6350,1,5675
130.504,-0.005000,0.004400,-3729.3650,-1178.7640,-159.2566,54568.734,0.6350,1,5675
130.705,-0.005000,0.009400,-3729.3650,-1178.6400,-159.2566,54578.477,0.6350,1,5675
130.906,-0.005000,0.009400,-3729.3650,-1178.5200,-159.2578,54587.694,0.6350,1,5675
131.106,-0.010000,0.004400,-3729.3600,-1178.3840,-159.2566,54597.534,0.6350,1,5675
131.307,-0.010000,-0.005600,-3729.3600,-1178.2440,-159.2502,54607.325,0.6350,1,5675
131.508,-0.005000,-0.005600,-3729.3650,-1178.1160,-159.2477,54617.021,0.6350,1,5675
131.708,-0.005000,-0.005600,-3729.3650,-1178.0000,-159.2489,54626.284,0.6350,1,5675
131.909,-0.005000,-0.000600,-3729.3650,-1177.8760,-159.2489,54635.981,0.6350,1,5675
132.110,0.000000,-0.000600,-3729.3700,-1177.7480,-159.2515,54645.822,0.6350,1,5675
132.312,0.000000,-0.000600,-3729.3700,-1177.6240,-159.2515,54655.229,0.6350,1,5675
132.513,0.000000,-0.005600,-3729.3700,-1177.4920,-159.2515,54665.260,0.6350,1,5675
132.713,0.005000,-0.000600,-3729.3750,-1177.3680,-159.2528,54674.813,0.6350,1,5675
132.914,0.005000,-0.000600,-3729.3750,-1177.2400,-159.2528,54684.126,0.6350,1,5675
133.115,0.005000,-0.005600,-3729.3750,-1177.1120,-159.2528,54693.917,0.6350,1,5675
133.315,0.005000,-0.000600,-3729.3750,-1176.9800,-159.2553,54703.709,0.6350,1,5675
133.515,0.005000,-0.000600,-3729.3750,-1176.8560,-159.2553,54713.022,0.6350,1,5675
133.716,0.005000,-0.000600,-3729.3750,-1176.7240,-159.2566,54722.908,0.6350,1,5675
133.916,0.005000,-0.000600,-3729.3750,-1176.5920,-159.2566,54732.702,0.6350,1,5675
134.117,0.005000,-0.005600,-3729.3750,-1176.4680,-159.2553,54742.013,0.6350,1,5675
134.317,0.005000,-0.000600,-3729.3750,-1176.3400,-159.2566,54751.806,0.6350,1,5675
134.518,0.005000,-0.000600,-3729.3750,-1176.2160,-159.2566,54761.310,0.6350,1,5675
134.718,0.000000,-0.005600,-3729.3700,-1176.0840,-159.2540,54770.717,0.6350,1,5675
134.918,0.000000,-0.005600,-3729.3700,-1175.9600,-159.2528,54780.461,0.6350,1,5675
135.119,0.000000,-0.000600,-3729.3700,-1175.8320,-159.2540,54790.253,0.6350,1,5675
135.319,0.005000,-0.000600,-3729.3750,-1175.7200,-159.2553,54799.134,0.6350,1,5675
135.520,0.005000,-0.000600,-3729.3750,-1175.5840,-159.2553,54809.357,0.6350,1,5675
135.720,0.005000,-0.000600,-3729.3750,-1175.4600,-159.2553,54818.861,0.6350,1,5675
135.921,0.005000,-0.000600,-3729.3750,-1175.3320,-159.2553,54828.558,0.6350,1,5675
136.121,0.005000,-0.000600,-3729.3750,-1175.2040,-159.2553,54838.349,0.6350,1,5675
136.322,0.005000,-0.000600,-3729.3750,-1175.0760,-159.2553,54848.093,0.6350,1,5675
136.522,0.005000,-0.000600,-3729.3750,-1174.9480,-159.2553,54857.549,0.6350,1,5675
136.723,0.005000,-0.000600,-3729.3750,-1174.8200,-159.2553,54867.341,0.6350,1,5675
136.924,0.005000,-0.000600,-3729.3750,-1174.6920,-159.2566,54876.893,0.6350,1,5675
137.124,0.005000,-0.000600,-3729.3750,-1174.5640,-159.2578,54886.446,0.6350,1,5675
137.325,0.005000,-0.000600,-3729.3750,-1174.4360,-159.2578,54896.188,0.6350,1,5675
137.525,0.005000,-0.000600,-3729.3750,-1174.3160,-159.2578,54905.597,0.6350,1,5675
137.726,0.005000,-0.000600,-3729.3750,-1174.1840,-159.2578,54915.341,0.6350,1,5675
137.926,0.005000,-0.000600,-3729.3750,-1174.0520,-159.2578,54925.134,0.6350,1,5675
138.127,0.010000,-0.000600,-3729.3800,-1173.9280,-159.2591,54934.541,0.6350,1,5675
138.329,0.005000,-0.000600,-3729.3750,-1173.7960,-159.2578,54944.334,0.6350,1,5675
138.529,0.005000,0.004400,-3729.3750,-1173.6680,-159.2578,54953.981,0.6350,1,5675
138.731,-0.005000,-0.000600,-3729.3650,-1173.5360,-159.2540,54963.341,0.6350,1,5675
138.933,-0.010000,-0.005600,-3729.3600,-1173.4120,-159.2477,54972.797,0.6350,1,5675
139.133,-0.005000,-0.000600,-3729.3650,-1173.2800,-159.2489,54983.074,0.6350,1,5675
139.334,0.000000,-0.000600,-3729.3700,-1173.1640,-159.2528,54992.334,0.6350,1,5675
139.535,0.005000,0.004400,-3729.3750,-1173.0360,-159.2566,55002.029,0.6350,1,5675
139.736,0.010000,0.009400,-3729.3800,-1172.9080,-159.2591,55011.821,0.6350,1,5675
139.936,0.005000,0.004400,-3729.3750,-1172.7840,-159.2578,55021.086,0.6350,1,5675
140.137,0.005000,0.004400,-3729.3750,-1172.6480,-159.2566,55030.925,0.6350,1,5675
140.338,0.005000,0.004400,-3729.3750,-1172.5200,-159.2578,55040.718,0.6350,1,5675
140.539,0.005000,0.004400,-3729.3750,-1172.3920,-159.2591,55050.558,0.6350,1,5675
140.740,0.005000,0.004400,-3729.3750,-1172.2680,-159.2591,55059.870,0.6350,1,5675
140.941,0.005000,0.004400,-3729.3750,-1172.1360,-159.2591,55069.806,0.6350,1,5675
141.142,0.005000,0.004400,-3729.3750,-1172.0080,-159.2578,55079.216,0.6350,1,5675
141.342,0.000000,0.004400,-3729.3700,-1171.8840,-159.2591,55088.910,0.6350,1,5675
141.544,0.000000,0.004400,-3729.3700,-1171.7520,-159.2578,55098.704,0.6350,1,5675
141.744,0.000000,0.004400,-3729.3700,-1171.6280,-159.2578,55108.157,0.6350,1,5675
141.946,0.000000,0.004400,-3729.3700,-1171.5000,-159.2578,55117.665,0.6350,1,5675
142.148,-0.005000,0.004400,-3729.3650,-1171.3640,-159.2566,55127.452,0.6350,1,5675
142.349,-0.005000,-0.000600,-3729.3650,-1171.2400,-159.2540,55137.150,0.6350,1,5675
142.550,0.000000,0.004400,-3729.3700,-1171.1160,-159.2540,55146.898,0.6350,1,5675
142.752,0.005000,0.004400,-3729.3750,-1170.9960,-159.2540,55156.301,0.6350,1,5675
142.952,0.005000,0.004400,-3729.3750,-1170.8680,-159.2540,55166.044,0.6350,1,5675
143.153,0.010000,0.004400,-3729.3800,-1170.7360,-159.2540,55175.839,0.6350,1,5675
143.353,0.005000,0.004400,-3729.3750,-1170.6120,-159.2528,55185.198,0.6350,1,5675
143.554,0.005000,0.004400,-3729.3750,-1170.4800,-159.2528,55195.087,0.6350,1,5675
143.754,0.005000,0.004400,-3729.3750,-1170.3480,-159.2515,55204.830,0.6350,1,5675
143.955,0.005000,0.004400,-3729.3750,-1170.2160,-159.2502,55214.478,0.6350,1,5675
144.156,0.010000,0.004400,-3729.3800,-1170.0960,-159.2489,55223.789,0.6350,1,5675
144.356,0.005000,0.004400,-3729.3750,-1169.9680,-159.2489,55233.579,0.6350,1,5675
144.557,0.005000,0.004400,-3729.3750,-1169.8440,-159.2489,55243.037,0.6350,1,5675
144.758,0.000000,0.004400,-3729.3700,-1169.7080,-159.2477,55253.066,0.6350,1,5675
144.960,-0.005000,0.004400,-3729.3650,-1169.5800,-159.2477,55262.481,0.6350,1,5675
145.161,-0.010000,-0.000600,-3729.3600,-1169.4520,-159.2477,55272.414,0.6350,1,5675
145.362,-0.005000,-0.000600,-3729.3650,-1169.3240,-159.2477,55281.965,0.6350,1,5675
145.562,-0.005000,0.004400,-3729.3650,-1169.1960,-159.2477,55291.661,0.6350,1,5675
145.763,0.000000,0.004400,-3729.3700,-1169.0760,-159.2477,55300.924,0.6350,1,5675
145.964,0.000000,0.004400,-3729.3700,-1168.9440,-159.2477,55310.716,0.6350,1,5675
146.165,-0.005000,-0.000600,-3729.3650,-1168.8120,-159.2477,55320.558,0.6350,1,5675
146.366,-0.010000,-0.010600,-3729.3600,-1168.6880,-159.2464,55329.869,0.6350,1,5675
146.568,-0.010000,-0.005600,-3729.3600,-1168.5600,-159.2477,55339.661,0.6350,1,5675
146.770,-0.005000,-0.005600,-3729.3650,-1168.4360,-159.2489,55349.454,0.6350,1,5675
146.971,-0.005000,-0.005600,-3729.3650,-1168.3120,-159.2489,55358.862,0.6350,1,5675
147.173,-0.005000,-0.005600,-3729.3650,-1168.1840,-159.2502,55368.702,0.6350,1,5675
147.374,-0.005000,-0.000600,-3729.3650,-1168.0560,-159.2502,55378.495,0.6350,1,5675
147.574,-0.005000,-0.000600,-3729.3650,-1167.9240,-159.2502,55388.237,0.6350,1,5675
147.775,-0.005000,-0.005600,-3729.3650,-1167.8000,-159.2502,55397.504,0.6350,1,5675
147.976,-0.005000,-0.005600,-3729.3650,-1167.6680,-159.2489,55407.294,0.6350,1,5675
148.176,-0.005000,-0.005600,-3729.3650,-1167.5400,-159.2489,55417.085,0.6350,1,5675
148.380,-0.005000,-0.005600,-3729.3650,-1167.4120,-159.2502,55426.882,0.6350,1,5675
148.581,-0.005000,-0.005600,-3729.3650,-1167.2920,-159.2502,55436.093,0.6350,1,5675
148.782,-0.005000,-0.005600,-3729.3650,-1167.1600,-159.2502,55445.936,0.6350,1,5675
148.982,-0.005000,-0.005600,-3729.3650,-1167.0320,-159.2502,55455.582,0.6350,1,5675
149.182,-0.005000,-0.000600,-3729.3650,-1166.9080,-159.2515,55465.325,0.6350,1,5675
149.383,-0.005000,-0.005600,-3729.3650,-1166.7840,-159.2515,55474.829,0.6350,1,5675
149.585,-0.005000,-0.005600,-3729.3650,-1166.6520,-159.2515,55484.671,0.6350,1,5675
149.785,-0.005000,-0.005600,-3729.3650,-1166.5200,-159.2489,55494.124,0.6350,1,5675
149.986,-0.005000,-0.000600,-3729.3650,-1166.3920,-159.2489,55504.014,0.6350,1,5675
150.187,-0.005000,-0.000600,-3729.3650,-1166.2720,-159.2502,55513.371,0.6350,1,5675
150.388,-0.005000,-0.000600,-3729.3650,-1166.1400,-159.2502,55523.308,0.6350,1,5675
150.589,0.000000,-0.000600,-3729.3700,-1166.0160,-159.2502,55532.623,0.6350,1,5675
150.790,0.000000,-0.000600,-3729.3700,-1165.8920,-159.2502,55542.270,0.6350,1,5675
150.991,0.005000,-0.000600,-3729.3750,-1165.7600,-159.2515,55552.206,0.6350,1,5675
151.195,0.005000,-0.000600,-3729.3750,-1165.6320,-159.2540,55561.759,0.6350,1,5675
151.397,0.005000,-0.000600,-3729.3750,-1165.5040,-159.2540,55571.358,0.6350,1,5675
151.598,0.005000,-0.005600,-3729.3750,-1165.3760,-159.2553,55581.198,0.6350,1,5675
151.800,0.010000,-0.000600,-3729.3800,-1165.2480,-159.2566,55591.038,0.6350,1,5675
152.000,0.005000,-0.000600,-3729.3750,-1165.1200,-159.2591,55600.494,0.6350,1,5675
152.201,0.005000,0.004400,-3729.3750,-1164.9920,-159.2578,55610.045,0.6350,1,5675
152.404,0.010000,0.004400,-3729.3800,-1164.8640,-159.2591,55619.837,0.6350,1,5675
152.605,0.005000,0.004400,-3729.3750,-1164.7360,-159.2578,55629.293,0.6350,1,5675
152.807,0.005000,0.004400,-3729.3750,-1164.6000,-159.2578,55639.374,0.6350,1,5675
153.007,0.005000,0.004400,-3729.3750,-1164.4720,-159.2591,55648.877,0.6350,1,5675
153.208,0.010000,0.009400,-3729.3800,-1164.3560,-159.2591,55658.190,0.6350,1,5675
153.408,0.005000,0.009400,-3729.3750,-1164.2280,-159.2591,55667.933,0.6350,1,5675
153.611,0.005000,0.004400,-3729.3750,-1164.0960,-159.2578,55677.725,0.6350,1,5675
153.811,-0.010000,-0.005600,-3729.3600,-1163.9560,-159.2515,55687.563,0.6350,1,5675
154.011,-0.005000,-0.005600,-3729.3650,-1163.8320,-159.2489,55696.877,0.6350,1,5675
154.212,0.000000,-0.000600,-3729.3700,-1163.7080,-159.2489,55706.717,0.6350,1,5675
154.413,0.010000,0.004400,-3729.3800,-1163.5920,-159.2515,55716.127,0.6350,1,5675
154.614,0.005000,0.004400,-3729.3750,-1163.4600,-159.2540,55726.065,0.6350,1,5675
154.815,0.005000,0.004400,-3729.3750,-1163.3360,-159.2578,55735.567,0.6350,1,5675
155.016,0.010000,0.009400,-3729.3800,-1163.2040,-159.2591,55745.406,0.6350,1,5675
155.216,0.010000,0.004400,-3729.3800,-1163.0800,-159.2591,55754.671,0.6350,1,5675
155.417,0.005000,0.004400,-3729.3750,-1162.9520,-159.2578,55764.557,0.6350,1,5675
155.618,0.010000,0.009400,-3729.3800,-1162.8240,-159.2591,55774.302,0.6350,1,5675
155.819,0.005000,0.004400,-3729.3750,-1162.6960,-159.2591,55783.757,0.6350,1,5675
156.020,0.005000,0.004400,-3729.3750,-1162.5680,-159.2591,55793.597,0.6350,1,5675
156.220,0.005000,0.004400,-3729.3750,-1162.4440,-159.2591,55802.959,0.6350,1,5675
156.421,0.010000,0.004400,-3729.3800,-1162.3120,-159.2591,55812.751,0.6350,1,5675
156.621,0.005000,0.004400,-3729.3750,-1162.1880,-159.2578,55822.109,0.6350,1,5675
156.823,0.005000,0.004400,-3729.3750,-1162.0560,-159.2578,55832.045,0.6350,1,5675
157.024,0.005000,0.009400,-3729.3750,-1161.9240,-159.2578,55841.742,0.6350,1,5675
157.224,0.000000,0.004400,-3729.3700,-1161.7880,-159.2553,55851.439,0.6350,1,5675
157.425,-0.005000,0.004400,-3729.3650,-1161.6720,-159.2540,55860.653,0.6350,1,5675
157.625,-0.005000,0.004400,-3729.3650,-1161.5400,-159.2540,55870.448,0.6350,1,5675
157.826,-0.005000,0.004400,-3729.3650,-1161.4080,-159.2553,55880.237,0.6350,1,5675
158.026,-0.005000,0.004400,-3729.3650,-1161.2840,-159.2540,55889.694,0.6350,1,5675
158.226,-0.005000,0.004400,-3729.3650,-1161.1560,-159.2540,55899.437,0.6350,1,5675
158.428,-0.005000,0.004400,-3729.3650,-1161.0280,-159.2540,55909.182,0.6350,1,5675
158.629,-0.005000,0.004400,-3729.3650,-1160.9080,-159.2540,55918.494,0.6350,1,5675
158.832,-0.005000,0.004400,-3729.3650,-1160.7800,-159.2540,55928.238,0.6350,1,5675
159.033,-0.005000,0.004400,-3729.3650,-1160.6520,-159.2528,55937.982,0.6350,1,5675
159.233,-0.005000,0.004400,-3729.3650,-1160.5240,-159.2528,55947.725,0.6350,1,5675
159.434,-0.005000,0.004400,-3729.3650,-1160.3920,-159.2528,55957.467,0.6350,1,5675
159.634,-0.005000,0.004400,-3729.3650,-1160.2680,-159.2515,55966.924,0.6350,1,5675
159.835,0.000000,0.009400,-3729.3700,-1160.1400,-159.2502,55976.717,0.6350,1,5675
160.035,-0.005000,0.004400,-3729.3650,-1160.0080,-159.2489,55986.177,0.6350,1,5675
160.236,-0.005000,0.004400,-3729.3650,-1159.8760,-159.2489,55996.015,0.6350,1,5675
160.437,-0.005000,0.004400,-3729.3650,-1159.7520,-159.2489,56005.468,0.6350,1,5675
160.637,-0.005000,-0.000600,-3729.3650,-1159.6240,-159.2477,56015.213,0.6350,1,5675
160.837,-0.005000,-0.000600,-3729.3650,-1159.5080,-159.2489,56024.477,0.6350,1,5675
161.038,0.000000,-0.000600,-3729.3700,-1159.3800,-159.2489,56034.269,0.6350,1,5675
161.238,-0.005000,-0.005600,-3729.3650,-1159.2440,-159.2477,56043.966,0.6350,1,5675
161.439,-0.010000,-0.005600,-3729.3600,-1159.1120,-159.2477,56053.662,0.6350,1,5675
161.639,-0.010000,-0.005600,-3729.3600,-1158.9920,-159.2477,56062.879,0.6350,1,5675
161.839,-0.005000,-0.005600,-3729.3650,-1158.8640,-159.2489,56072.622,0.6350,1,5675
162.040,-0.005000,-0.005600,-3729.3650,-1158.7320,-159.2477,56082.464,0.6350,1,5675
162.240,-0.005000,-0.000600,-3729.3650,-1158.6040,-159.2489,56092.206,0.6350,1,5675
162.441,-0.005000,-0.005600,-3729.3650,-1158.4800,-159.2489,56101.518,0.6350,1,5675
162.641,-0.005000,-0.005600,-3729.3650,-1158.3560,-159.2489,56111.214,0.6350,1,5675
162.842,-0.005000,-0.000600,-3729.3650,-1158.2280,-159.2489,56121.053,0.6350,1,5675
163.042,-0.005000,-0.000600,-3729.3650,-1158.1080,-159.2489,56130.270,0.6350,1,5675
163.243,-0.005000,-0.005600,-3729.3650,-1157.9800,-159.2489,56140.014,0.6350,1,5675
163.444,-0.005000,-0.000600,-3729.3650,-1157.8480,-159.2489,56149.757,0.6350,1,5675
163.645,-0.005000,-0.000600,-3729.3650,-1157.7200,-159.2489,56159.452,0.6350,1,5675
163.846,-0.005000,-0.005600,-3729.3650,-1157.5920,-159.2477,56169.295,0.6350,1,5675
164.048,-0.005000,-0.000600,-3729.3650,-1157.4720,-159.2489,56178.510,0.6350,1,5675
164.248,-0.005000,-0.005600,-3729.3650,-1157.3400,-159.2477,56188.254,0.6350,1,5675
164.449,-0.005000,-0.005600,-3729.3650,-1157.2080,-159.2489,56198.046,0.6350,1,5675
164.650,-0.010000,-0.005600,-3729.3600,-1157.0760,-159.2477,56207.791,0.6350,1,5675
164.850,-0.005000,-0.005600,-3729.3650,-1156.9520,-159.2477,56217.054,0.6350,1,5675
165.050,-0.005000,-0.005600,-3729.3650,-1156.8280,-159.2477,56226.799,0.6350,1,5675
165.251,-0.005000,-0.005600,-3729.3650,-1156.6960,-159.2477,56236.541,0.6350,1,5675
165.451,-0.005000,-0.005600,-3729.3650,-1156.5680,-159.2489,56246.286,0.6350,1,5675
165.652,-0.005000,-0.000600,-3729.3650,-1156.4480,-159.2489,56255.502,0.6350,1,5675
165.853,-0.005000,-0.000600,-3729.3650,-1156.3120,-159.2489,56265.534,0.6350,1,5675
166.054,-0.005000,-0.000600,-3729.3650,-1156.1920,-159.2489,56274.750,0.6350,1,5675
166.254,-0.010000,-0.000600,-3729.3600,-1156.0600,-159.2489,56284.541,0.6350,1,5675
166.455,-0.005000,-0.000600,-3729.3650,-1155.9280,-159.2489,56294.430,0.6350,1,5675
166.655,-0.005000,-0.000600,-3729.3650,-1155.8080,-159.2489,56303.647,0.6350,1,5675
166.856,-0.005000,-0.000600,-3729.3650,-1155.6800,-159.2489,56313.439,0.6350,1,5675
167.057,-0.005000,-0.000600,-3729.3650,-1155.5480,-159.2489,56323.181,0.6350,1,5675
167.257,-0.005000,-0.000600,-3729.3650,-1155.4200,-159.2489,56333.022,0.6350,1,5675
167.458,0.000000,-0.000600,-3729.3700,-1155.2960,-159.2489,56342.333,0.6350,1,5675
167.658,-0.005000,-0.000600,-3729.3650,-1155.1680,-159.2489,56352.077,0.6350,1,5675
167.858,-0.005000,-0.000600,-3729.3650,-1155.0400,-159.2489,56361.726,0.6350,1,5675
168.059,-0.005000,-0.000600,-3729.3650,-1154.9120,-159.2502,56371.517,0.6350,1,5675
168.259,0.000000,-0.000600,-3729.3700,-1154.7840,-159.2528,56381.021,0.6350,1,5675
168.460,-0.005000,-0.000600,-3729.3650,-1154.6600,-159.2540,56390.478,0.6350,1,5675
168.661,-0.010000,-0.005600,-3729.3600,-1154.5280,-159.2515,56400.270,0.6350,1,5675
168.862,-0.010000,-0.005600,-3729.3600,-1154.4000,-159.2464,56409.820,0.6350,1,5675
169.063,-0.005000,-0.005600,-3729.3650,-1154.2720,-159.2477,56419.613,0.6350,1,5675
169.264,-0.005000,-0.000600,-3729.3650,-1154.1520,-159.2502,56428.925,0.6350,1,5675
169.464,0.000000,-0.000600,-3729.3700,-1154.0240,-159.2528,56438.621,0.6350,1,5675
169.665,0.000000,-0.000600,-3729.3700,-1153.9000,-159.2540,56448.317,0.6350,1,5675
169.866,0.000000,-0.000600,-3729.3700,-1153.7680,-159.2553,56458.205,0.6350,1,5675
170.067,0.000000,-0.000600,-3729.3700,-1153.6400,-159.2553,56467.661,0.6350,1,5675
170.267,0.005000,-0.000600,-3729.3750,-1153.5120,-159.2566,56477.453,0.6350,1,5675
170.467,0.005000,-0.005600,-3729.3750,-1153.3880,-159.2566,56486.862,0.6350,1,5675
170.668,0.005000,-0.000600,-3729.3750,-1153.2600,-159.2566,56496.607,0.6350,1,5675
170.869,0.005000,-0.005600,-3729.3750,-1153.1360,-159.2566,56506.062,0.6350,1,5675
171.069,0.010000,-0.000600,-3729.3800,-1153.0080,-159.2578,56515.902,0.6350,1,5675
171.270,0.005000,-0.000600,-3729.3750,-1152.8840,-159.2591,56525.646,0.6350,1,5675
171.471,0.005000,-0.005600,-3729.3750,-1152.7560,-159.2578,56534.956,0.6350,1,5675
171.671,0.005000,-0.000600,-3729.3750,-1152.6240,-159.2578,56544.702,0.6350,1,5675
171.872,0.005000,-0.000600,-3729.3750,-1152.4960,-159.2578,56554.543,0.6350,1,5675
172.073,0.005000,-0.000600,-3729.3750,-1152.3720,-159.2578,56563.901,0.6350,1,5675
172.276,0.000000,-0.005600,-3729.3700,-1152.2360,-159.2553,56573.645,0.6350,1,5675
172.477,0.000000,-0.000600,-3729.3700,-1152.1080,-159.2566,56583.437,0.6350,1,5675
172.677,0.005000,-0.000600,-3729.3750,-1151.9840,-159.2578,56593.181,0.6350,1,5675
172.878,0.005000,-0.000600,-3729.3750,-1151.8600,-159.2591,56602.446,0.6350,1,5675
173.078,0.005000,-0.000600,-3729.3750,-1151.7320,-159.2578,56612.141,0.6350,1,5675
173.279,0.005000,-0.000600,-3729.3750,-1151.6080,-159.2578,56621.933,0.6350,1,5675
173.479,0.005000,-0.000600,-3729.3750,-1151.4800,-159.2578,56631.677,0.6350,1,5675
173.680,0.005000,-0.000600,-3729.3750,-1151.3560,-159.2591,56640.942,0.6350,1,5675
173.880,0.005000,0.004400,-3729.3750,-1151.2280,-159.2578,56650.734,0.6350,1,5675
174.081,0.005000,0.004400,-3729.3750,-1151.0960,-159.2578,56660.526,0.6350,1,5675
174.282,0.005000,0.004400,-3729.3750,-1150.9720,-159.2578,56669.886,0.6350,1,5675
174.483,0.005000,0.004400,-3729.3750,-1150.8360,-159.2578,56679.773,0.6350,1,5675
174.685,0.005000,0.004400,-3729.3750,-1150.7160,-159.2591,56689.279,0.6350,1,5675
174.886,0.005000,0.004400,-3729.3750,-1150.5920,-159.2578,56698.638,0.6350,1,5675
175.087,0.010000,0.009400,-3729.3800,-1150.4560,-159.2591,56708.765,0.6350,1,5675
175.290,0.005000,0.004400,-3729.3750,-1150.3280,-159.2578,56718.510,0.6350,1,5675
175.493,0.005000,0.004400,-3729.3750,-1150.1960,-159.2578,56728.302,0.6350,1,5675
175.696,0.005000,0.009400,-3729.3750,-1150.0720,-159.2578,56737.613,0.6350,1,5675
175.900,0.005000,0.004400,-3729.3750,-1149.9440,-159.2578,56747.405,0.6350,1,5675
176.101,0.005000,0.004400,-3729.3750,-1149.8120,-159.2578,56757.245,0.6350,1,5675
176.302,-0.005000,0.004400,-3729.3650,-1149.6840,-159.2553,56766.654,0.6350,1,5675
176.503,-0.005000,0.004400,-3729.3650,-1149.5520,-159.2540,56776.689,0.6350,1,5675
176.705,0.000000,0.009400,-3729.3700,-1149.4240,-159.2553,56786.383,0.6350,1,5675
176.907,0.000000,0.004400,-3729.3700,-1149.3040,-159.2553,56795.792,0.6350,1,5675
177.108,0.005000,0.004400,-3729.3750,-1149.1760,-159.2566,56805.728,0.6350,1,5675
177.309,0.005000,0.004400,-3729.3750,-1149.0480,-159.2566,56815.466,0.6350,1,5675
177.510,0.010000,0.004400,-3729.3800,-1148.9240,-159.2578,56824.783,0.6350,1,5675
177.711,0.005000,0.004400,-3729.3750,-1148.7960,-159.2578,56834.428,0.6350,1,5675
177.911,0.005000,0.004400,-3729.3750,-1148.6680,-159.2578,56844.221,0.6350,1,5675
178.112,0.005000,-0.000600,-3729.3750,-1148.5360,-159.2566,56854.012,0.6350,1,5675
178.312,0.005000,-0.000600,-3729.3750,-1148.4160,-159.2578,56863.230,0.6350,1,5675
178.513,0.005000,0.004400,-3729.3750,-1148.2880,-159.2578,56872.974,0.6350,1,5675
178.714,0.005000,0.004400,-3729.3750,-1148.1560,-159.2591,56882.812,0.6350,1,5675
178.915,0.005000,0.004400,-3729.3750,-1148.0320,-159.2578,56892.126,0.6350,1,5675
179.116,0.005000,0.004400,-3729.3750,-1147.9000,-159.2578,56902.061,0.6350,1,5675
179.317,0.005000,0.004400,-3729.3750,-1147.7760,-159.2578,56911.468,0.6350,1,5675
179.517,0.005000,0.004400,-3729.3750,-1147.6480,-159.2578,56921.215,0.6350,1,5675
179.718,0.000000,0.004400,-3729.3700,-1147.5160,-159.2566,56930.957,0.6350,1,5675
179.918,0.005000,0.004400,-3729.3750,-1147.3960,-159.2578,56940.413,0.6350,1,5675
180.120,0.005000,0.009400,-3729.3750,-1147.2640,-159.2578,56950.300,0.6350,1,5675
180.321,0.010000,0.009400,-3729.3800,-1147.1360,-159.2578,56959.999,0.6350,1,5675
180.521,0.005000,0.004400,-3729.3750,-1147.0120,-159.2578,56969.451,0.6350,1,5675
180.722,0.010000,0.009400,-3729.3800,-1146.8840,-159.2591,56979.197,0.6350,1,5675
180.923,0.005000,0.004400,-3729.3750,-1146.7600,-159.2578,56988.511,0.6350,1,5675
181.124,0.005000,0.009400,-3729.3750,-1146.6280,-159.2591,56998.302,0.6350,1,5675
181.324,0.005000,0.004400,-3729.3750,-1146.5040,-159.2578,57007.759,0.6350,1,5675
181.525,0.005000,0.004400,-3729.3750,-1146.3760,-159.2591,57017.454,0.6350,1,5675
181.726,0.005000,0.009400,-3729.3750,-1146.2440,-159.2591,57027.438,0.6350,1,5675
181.927,0.005000,0.009400,-3729.3750,-1146.1200,-159.2578,57036.750,0.6350,1,5675
182.128,0.005000,0.009400,-3729.3750,-1145.9880,-159.2591,57046.732,0.6350,1,5675
182.329,0.005000,0.009400,-3729.3750,-1145.8640,-159.2591,57056.335,0.6350,1,5675
182.530,0.010000,0.009400,-3729.3800,-1145.7360,-159.2591,57066.029,0.6350,1,5675
182.731,0.005000,0.004400,-3729.3750,-1145.6120,-159.2591,57075.342,0.6350,1,5675
182.934,0.005000,0.004400,-3729.3750,-1145.4760,-159.2578,57085.422,0.6350,1,5675
183.135,0.010000,0.009400,-3729.3800,-1145.3560,-159.2591,57094.782,0.6350,1,5675
183.336,0.005000,0.004400,-3729.3750,-1145.2240,-159.2578,57104.621,0.6350,1,5675
183.537,0.005000,0.004400,-3729.3750,-1145.0920,-159.2578,57114.414,0.6350,1,5675
183.738,0.000000,-0.000600,-3729.3700,-1144.9560,-159.2553,57123.917,0.6350,1,5675
183.938,0.000000,-0.000600,-3729.3700,-1144.8320,-159.2553,57133.326,0.6350,1,5675
184.139,0.005000,0.004400,-3729.3750,-1144.7160,-159.2578,57142.877,0.6350,1,5675
184.341,0.005000,0.009400,-3729.3750,-1144.5840,-159.2591,57153.007,0.6350,1,5675
184.544,0.010000,0.009400,-3729.3800,-1144.4560,-159.2591,57162.559,0.6350,1,5675
184.744,0.005000,0.004400,-3729.3750,-1144.3280,-159.2591,57172.397,0.6350,1,5675
184.945,0.005000,0.004400,-3729.3750,-1144.2040,-159.2591,57181.757,0.6350,1,5675
185.146,0.005000,0.004400,-3729.3750,-1144.0720,-159.2591,57191.599,0.6350,1,5675
185.347,0.005000,0.004400,-3729.3750,-1143.9440,-159.2591,57201.199,0.6350,1,5675
185.548,0.010000,0.004400,-3729.3800,-1143.8240,-159.2591,57210.556,0.6350,1,5675
185.749,0.010000,0.004400,-3729.3800,-1143.6920,-159.2578,57220.446,0.6350,1,5675
185.950,0.005000,0.004400,-3729.3750,-1143.5600,-159.2578,57230.144,0.6350,1,5675
186.151,0.005000,0.004400,-3729.3750,-1143.4280,-159.2578,57239.838,0.6350,1,5675
186.354,0.005000,0.004400,-3729.3750,-1143.2960,-159.2578,57249.347,0.6350,1,5675
186.555,0.005000,-0.000600,-3729.3750,-1143.1680,-159.2578,57258.989,0.6350,1,5675
186.756,0.005000,-0.000600,-3729.3750,-1143.0400,-159.2566,57268.830,0.6350,1,5675
186.958,0.005000,-0.000600,-3729.3750,-1142.9160,-159.2553,57278.188,0.6350,1,5675
187.159,0.000000,-0.005600,-3729.3700,-1142.7840,-159.2528,57287.933,0.6350,1,5675
187.359,-0.005000,-0.005600,-3729.3650,-1142.6520,-159.2502,57297.869,0.6350,1,5675
187.560,-0.005000,-0.000600,-3729.3650,-1142.5320,-159.2489,57307.276,0.6350,1,5675
187.763,-0.005000,-0.005600,-3729.3650,-1142.4080,-159.2489,57316.780,0.6350,1,5675
187.964,-0.005000,-0.005600,-3729.3650,-1142.2800,-159.2489,57326.524,0.6350,1,5675
188.167,-0.005000,-0.005600,-3729.3650,-1142.1480,-159.2477,57336.414,0.6350,1,5675
188.370,-0.005000,-0.005600,-3729.3650,-1142.0200,-159.2477,57346.063,0.6350,1,5675
188.572,-0.005000,-0.000600,-3729.3650,-1141.8880,-159.2477,57355.998,0.6350,1,5675
188.775,-0.005000,-0.000600,-3729.3650,-1141.7600,-159.2477,57365.644,0.6350,1,5675
188.976,-0.010000,-0.000600,-3729.3600,-1141.6320,-159.2477,57375.151,0.6350,1,5675
189.176,-0.005000,-0.000600,-3729.3650,-1141.5000,-159.2489,57385.135,0.6350,1,5675
189.379,-0.005000,-0.000600,-3729.3650,-1141.3800,-159.2489,57394.349,0.6350,1,5675
189.582,-0.005000,-0.000600,-3729.3650,-1141.2520,-159.2489,57404.241,0.6350,1,5675
189.784,-0.005000,0.004400,-3729.3650,-1141.1200,-159.2489,57413.981,0.6350,1,5675
189.985,-0.005000,0.004400,-3729.3650,-1140.9960,-159.2502,57423.533,0.6350,1,5675
190.186,-0.005000,0.004400,-3729.3650,-1140.8640,-159.2515,57433.326,0.6350,1,5675
190.387,-0.005000,0.004400,-3729.3650,-1140.7400,-159.2528,57443.164,0.6350,1,5675
190.589,-0.005000,0.004400,-3729.3650,-1140.6120,-159.2540,57452.865,0.6350,1,5675
190.790,-0.005000,0.004400,-3729.3650,-1140.4920,-159.2566,57462.172,0.6350,1,5675
190.992,-0.005000,0.004400,-3729.3650,-1140.3640,-159.2591,57471.918,0.6350,1,5675
191.193,-0.005000,0.004400,-3729.3650,-1140.2320,-159.2578,57481.709,0.6350,1,5675
191.393,-0.010000,-0.000600,-3729.3600,-1140.1080,-159.2578,57491.118,0.6350,1,5675
191.594,-0.005000,0.004400,-3729.3650,-1139.9760,-159.2591,57500.909,0.6350,1,5675
191.796,-0.005000,0.004400,-3729.3650,-1139.8520,-159.2578,57510.414,0.6350,1,5675
191.997,0.000000,0.009400,-3729.3700,-1139.7240,-159.2591,57520.206,0.6350,1,5675
192.197,0.000000,0.009400,-3729.3700,-1139.5960,-159.2604,57529.949,0.6350,1,5675
192.398,0.005000,0.009400,-3729.3750,-1139.4680,-159.2591,57539.740,0.6350,1,5675
192.599,0.010000,0.009400,-3729.3800,-1139.3480,-159.2591,57548.911,0.6350,1,5675
192.800,0.005000,0.009400,-3729.3750,-1139.2120,-159.2591,57558.894,0.6350,1,5675
193.000,0.010000,0.009400,-3729.3800,-1139.0840,-159.2604,57568.590,0.6350,1,5675
193.201,0.010000,0.009400,-3729.3800,-1138.9640,-159.2604,57577.901,0.6350,1,5675
193.403,0.010000,0.014400,-3729.3800,-1138.8320,-159.2604,57587.694,0.6350,1,5675
193.603,0.010000,0.014400,-3729.3800,-1138.7080,-159.2604,57597.437,0.6350,1,5675
193.804,0.010000,0.009400,-3729.3800,-1138.5840,-159.2604,57606.802,0.6350,1,5675
194.006,0.010000,0.009400,-3729.3800,-1138.4520,-159.2604,57616.736,0.6350,1,5675
194.207,0.010000,0.014400,-3729.3800,-1138.3200,-159.2604,57626.574,0.6350,1,5675
194.408,0.010000,0.009400,-3729.3800,-1138.1960,-159.2604,57636.077,0.6350,1,5675
194.609,0.005000,0.009400,-3729.3750,-1138.0680,-159.2591,57645.583,0.6350,1,5675
194.812,0.010000,0.009400,-3729.3800,-1137.9400,-159.2604,57655.517,0.6350,1,5675
195.012,0.010000,0.014400,-3729.3800,-1137.8160,-159.2604,57664.926,0.6350,1,5675
195.213,0.010000,0.009400,-3729.3800,-1137.6840,-159.2604,57674.766,0.6350,1,5675
195.413,0.010000,0.009400,-3729.3800,-1137.5600,-159.2591,57684.080,0.6350,1,5675
195.614,0.005000,0.009400,-3729.3750,-1137.4280,-159.2591,57694.015,0.6350,1,5675
195.814,0.010000,0.009400,-3729.3800,-1137.3040,-159.2591,57703.373,0.6350,1,5675
196.015,0.010000,0.004400,-3729.3800,-1137.1760,-159.2591,57713.118,0.6350,1,5675
196.216,0.005000,0.004400,-3729.3750,-1137.0440,-159.2591,57722.910,0.6350,1,5675
196.418,0.010000,0.009400,-3729.3800,-1136.9160,-159.2591,57732.654,0.6350,1,5675
196.618,0.005000,0.004400,-3729.3750,-1136.7920,-159.2578,57741.964,0.6350,1,5675
196.819,0.010000,0.004400,-3729.3800,-1136.6600,-159.2578,57751.856,0.6350,1,5675
197.019,0.005000,0.004400,-3729.3750,-1136.5360,-159.2578,57761.261,0.6350,1,5675
197.220,0.005000,0.004400,-3729.3750,-1136.4080,-159.2578,57770.957,0.6350,1,5675
197.420,0.005000,0.004400,-3729.3750,-1136.2800,-159.2578,57780.749,0.6350,1,5675
197.623,0.005000,0.009400,-3729.3750,-1136.1480,-159.2578,57790.589,0.6350,1,5675
197.823,0.005000,0.004400,-3729.3750,-1136.0240,-159.2578,57799.998,0.6350,1,5675
198.024,0.010000,0.009400,-3729.3800,-1135.8920,-159.2578,57809.838,0.6350,1,5675
198.224,0.005000,0.004400,-3729.3750,-1135.7680,-159.2578,57819.152,0.6350,1,5675
198.425,0.005000,0.004400,-3729.3750,-1135.6360,-159.2566,57828.988,0.6350,1,5675
198.626,0.005000,0.004400,-3729.3750,-1135.5080,-159.2553,57838.541,0.6350,1,5675
198.828,0.000000,0.004400,-3729.3700,-1135.3800,-159.2553,57848.094,0.6350,1,5675
199.028,0.005000,0.004400,-3729.3750,-1135.2520,-159.2553,57857.840,0.6350,1,5675
199.232,0.000000,0.004400,-3729.3700,-1135.1200,-159.2553,57867.629,0.6350,1,5675
199.436,0.000000,0.004400,-3729.3700,-1134.9920,-159.2553,57877.185,0.6350,1,5675
199.637,-0.005000,0.004400,-3729.3650,-1134.8600,-159.2553,57887.068,0.6350,1,5675
199.837,-0.005000,0.004400,-3729.3650,-1134.7400,-159.2566,57896.524,0.6350,1,5675
200.038,-0.005000,0.004400,-3729.3650,-1134.6080,-159.2578,57906.366,0.6350,1,5675
200.239,-0.005000,0.004400,-3729.3650,-1134.4840,-159.2578,57915.676,0.6350,1,5675
200.446,-0.005000,0.004400,-3729.3650,-1134.3480,-159.2591,57925.996,0.6350,1,5675
200.649,-0.005000,0.004400,-3729.3650,-1134.2160,-159.2578,57935.840,0.6350,1,5675
200.859,-0.010000,0.004400,-3729.3600,-1134.0840,-159.2578,57945.773,0.6350,1,5675
201.060,-0.005000,0.004400,-3729.3650,-1133.9600,-159.2591,57955.134,0.6350,1,5675
201.260,-0.005000,0.004400,-3729.3650,-1133.8320,-159.2578,57965.022,0.6350,1,5675
201.462,-0.005000,0.004400,-3729.3650,-1133.7120,-159.2578,57974.525,0.6350,1,5675
201.663,0.000000,0.004400,-3729.3700,-1133.5840,-159.2578,57984.172,0.6350,1,5675
201.866,0.000000,-0.000600,-3729.3700,-1133.4520,-159.2591,57994.062,0.6350,1,5675
202.069,0.000000,-0.000600,-3729.3700,-1133.3240,-159.2578,58003.757,0.6350,1,5675
202.270,-0.005000,-0.005600,-3729.3650,-1133.1920,-159.2553,58013.645,0.6350,1,5675
202.471,0.000000,-0.000600,-3729.3700,-1133.0720,-159.2591,58023.106,0.6350,1,5675
202.675,0.005000,0.004400,-3729.3750,-1132.9400,-159.2578,58032.992,0.6350,1,5675
202.877,0.005000,0.004400,-3729.3750,-1132.8160,-159.2578,58042.347,0.6350,1,5675
203.078,0.005000,0.004400,-3729.3750,-1132.6800,-159.2578,58052.427,0.6350,1,5675
203.279,0.005000,0.004400,-3729.3750,-1132.5560,-159.2566,58061.936,0.6350,1,5675
203.480,0.005000,0.004400,-3729.3750,-1132.4360,-159.2566,58071.293,0.6350,1,5675
203.680,0.010000,0.004400,-3729.3800,-1132.3040,-159.2566,58081.181,0.6350,1,5675
203.881,0.005000,-0.000600,-3729.3750,-1132.1720,-159.2553,58090.975,0.6350,1,5675
204.082,0.005000,-0.000600,-3729.3750,-1132.0480,-159.2540,58100.571,0.6350,1,5675
204.283,0.005000,-0.000600,-3729.3750,-1131.9240,-159.2528,58109.886,0.6350,1,5675
204.484,0.005000,-0.000600,-3729.3750,-1131.7920,-159.2502,58119.869,0.6350,1,5675
204.684,0.005000,-0.000600,-3729.3750,-1131.6680,-159.2489,58129.085,0.6350,1,5675
204.885,0.005000,-0.005600,-3729.3750,-1131.5360,-159.2489,58138.974,0.6350,1,5675
205.085,0.010000,-0.005600,-3729.3800,-1131.4040,-159.2489,58148.382,0.6350,1,5675
205.286,0.005000,-0.005600,-3729.3750,-1131.2720,-159.2477,58158.269,0.6350,1,5675
205.486,0.005000,-0.005600,-3729.3750,-1131.1440,-159.2489,58167.965,0.6350,1,5675
205.687,0.005000,-0.005600,-3729.3750,-1131.0200,-159.2489,58177.279,0.6350,1,5675
205.888,0.005000,-0.005600,-3729.3750,-1130.8880,-159.2477,58187.118,0.6350,1,5675
206.089,0.000000,-0.010600,-3729.3700,-1130.7600,-159.2477,58196.669,0.6350,1,5675
206.290,-0.010000,-0.010600,-3729.3600,-1130.6360,-159.2464,58206.125,0.6350,1,5675
206.492,-0.010000,-0.010600,-3729.3600,-1130.5040,-159.2464,58216.205,0.6350,1,5675
206.692,-0.005000,-0.005600,-3729.3650,-1130.3840,-159.2477,58225.564,0.6350,1,5675
206.894,-0.005000,-0.005600,-3729.3650,-1130.2560,-159.2477,58235.118,0.6350,1,5675
207.096,-0.005000,-0.005600,-3729.3650,-1130.1240,-159.2477,58245.102,0.6350,1,5675
207.297,-0.005000,-0.010600,-3729.3650,-1129.9960,-159.2477,58254.557,0.6350,1,5675
207.499,-0.005000,-0.005600,-3729.3650,-1129.8680,-159.2489,58264.493,0.6350,1,5675
207.699,-0.005000,-0.010600,-3729.3650,-1129.7440,-159.2477,58273.855,0.6350,1,5675
207.900,-0.005000,-0.005600,-3729.3650,-1129.6120,-159.2489,58283.694,0.6350,1,5675
208.102,-0.010000,-0.005600,-3729.3600,-1129.4840,-159.2477,58293.484,0.6350,1,5675
208.303,-0.005000,-0.005600,-3729.3650,-1129.3520,-159.2489,58303.229,0.6350,1,5675
208.505,-0.005000,-0.005600,-3729.3650,-1129.2280,-159.2489,58312.829,0.6350,1,5675
208.705,-0.005000,-0.005600,-3729.3650,-1129.1040,-159.2489,58322.190,0.6350,1,5675
208.906,-0.005000,-0.005600,-3729.3650,-1128.9760,-159.2502,58331.984,0.6350,1,5675
209.107,-0.005000,-0.005600,-3729.3650,-1128.8440,-159.2528,58341.821,0.6350,1,5675
209.307,-0.005000,-0.005600,-3729.3650,-1128.7240,-159.2540,58350.990,0.6350,1,5675
209.509,-0.005000,-0.005600,-3729.3650,-1128.5920,-159.2553,58360.734,0.6350,1,5675
209.710,-0.010000,-0.005600,-3729.3600,-1128.4600,-159.2540,58370.670,0.6350,1,5675
209.911,-0.005000,-0.000600,-3729.3650,-1128.3360,-159.2540,58380.364,0.6350,1,5675
210.112,0.000000,-0.000600,-3729.3700,-1128.2120,-159.2566,58389.678,0.6350,1,5675
210.312,0.000000,-0.000600,-3729.3700,-1128.0800,-159.2578,58399.661,0.6350,1,5675
210.513,-0.005000,-0.000600,-3729.3650,-1127.9520,-159.2578,58409.072,0.6350,1,5675
210.714,-0.005000,-0.000600,-3729.3650,-1127.8280,-159.2578,58418.766,0.6350,1,5675
210.915,0.000000,0.004400,-3729.3700,-1127.7080,-159.2591,58428.222,0.6350,1,5675
211.117,0.000000,0.004400,-3729.3700,-1127.5760,-159.2578,58438.015,0.6350,1,5675
211.318,0.000000,0.004400,-3729.3700,-1127.4480,-159.2578,58447.564,0.6350,1,5675
211.522,0.000000,0.004400,-3729.3700,-1127.3200,-159.2578,58457.405,0.6350,1,5675
211.723,0.000000,0.009400,-3729.3700,-1127.1920,-159.2578,58467.247,0.6350,1,5675
211.925,0.005000,0.004400,-3729.3750,-1127.0680,-159.2578,58476.846,0.6350,1,5675
